rainfall_24h,soil_moisture,slope,elevation,historical_events,landslide
232.19,36.36,37.43,1042.66,8,1
131.66,69.72,37.01,308.42,6,0
257.58,77.51,14.12,906.21,1,1
209.21,32.5,6.65,2420.12,8,0
28.25,23.29,18.67,1480.44,8,0
292.69,52.97,12.07,514.72,0,1
228.34,78.05,22.81,937.9,0,1
235.82,68.81,49.07,2860.74,2,1
38.43,72.64,13.15,1295.87,7,0
135.12,50.21,19.35,1324.8,5,0
111.24,37.62,37.63,459.21,4,0
278.03,59.88,27.91,913.66,3,1
193.16,35.33,6.98,2444.06,4,0
246.83,74.47,12.28,2358.6,5,1
133.02,34.77,47.09,1306.5,0,0
68.17,41.84,9.64,2680.96,5,0
166.38,57.99,33.58,1140.78,1,0
19.15,56.5,40.65,2592.99,7,0
248.29,65.06,16.94,94.7,1,1
189.5,52.81,37.63,1041.69,0,1
227.43,88.96,12.65,2565.21,3,1
106.36,83.0,17.81,2703.93,3,0
291.21,85.93,19.03,2269.27,4,1
267.94,67.21,49.84,2009.6,7,1
233.52,67.63,14.66,2446.51,6,1
58.39,65.69,10.81,2122.67,3,0
140.02,52.62,46.66,762.66,6,1
13.14,44.16,12.29,1398.71,4,0
46.29,64.4,44.57,1982.11,2,0
204.91,21.91,34.27,1763.41,0,1
223.43,20.56,30.96,2655.29,0,0
290.25,83.87,38.81,1421.53,2,1
97.75,23.48,37.67,533.96,7,0
111.14,59.36,9.97,643.75,4,0
140.87,66.12,49.98,2538.17,4,0
56.84,34.86,47.39,26.16,3,0
38.98,87.18,45.35,2607.39,2,0
142.71,34.26,33.0,166.76,6,0
68.07,86.34,28.53,1174.98,0,0
200.94,77.22,29.13,2400.53,5,0
131.15,38.06,5.67,1222.85,8,0
249.8,31.31,27.48,2467.04,7,1
210.08,43.72,33.07,300.9,3,0
93.71,49.85,34.64,1534.63,7,0
249.68,38.43,19.95,1747.42,2,0
241.43,94.92,26.21,2672.61,2,1
116.24,37.22,33.63,280.86,3,0
86.5,82.3,24.27,1015.8,0,0
204.75,31.93,48.3,1978.04,2,1
41.93,93.52,36.74,2939.79,7,0
59.97,36.91,5.06,2544.82,6,0
2.21,51.63,6.05,2539.49,2,0
236.08,61.89,36.06,1551.55,2,1
199.46,29.02,23.57,1692.9,3,0
211.55,81.26,42.78,2575.74,1,1
234.22,40.6,12.79,2608.88,1,1
137.67,61.2,5.62,2406.82,8,0
170.62,61.22,22.46,2455.71,6,0
41.94,65.2,38.12,2638.89,6,0
34.36,24.16,48.73,341.35,2,0
200.52,32.65,44.76,877.92,7,1
141.33,32.09,26.78,2928.34,1,0
169.57,42.65,41.58,1634.33,8,1
229.5,30.87,8.16,529.39,4,0
190.42,89.14,30.75,1509.17,2,0
166.07,58.47,46.59,1937.35,6,1
167.76,66.77,22.84,2484.67,3,1
91.19,46.81,48.2,2436.53,2,0
9.25,40.72,14.93,147.72,6,0
131.02,57.74,9.75,1360.57,6,0
64.38,42.07,28.61,61.71,5,0
122.56,45.77,45.83,2664.47,4,0
256.02,53.96,19.01,521.72,2,1
70.18,57.93,41.01,1874.62,3,0
17.49,93.82,12.61,1711.86,7,0
84.42,36.75,38.55,1876.59,3,0
88.08,56.6,30.07,1690.25,8,0
198.57,31.21,12.88,2146.77,1,0
167.11,46.25,37.31,1878.33,1,0
235.17,73.8,37.12,270.9,2,1
199.29,33.08,28.19,1100.3,0,0
121.92,63.6,15.15,1639.78,7,0
244.21,51.25,10.95,975.59,3,1
50.09,23.87,48.08,2280.99,0,0
6.81,89.98,34.51,953.69,5,0
27.01,51.02,41.42,2486.05,8,0
216.71,78.79,36.36,440.2,8,1
138.56,51.22,42.33,2308.18,0,0
48.38,90.3,12.31,550.4,7,0
150.31,41.79,27.36,1584.05,3,0
45.69,50.92,35.02,961.57,7,0
208.9,76.91,9.65,1912.0,5,1
133.85,45.78,11.75,638.22,6,0
114.31,47.33,33.53,2386.23,7,0
90.45,94.61,44.09,1720.75,8,1
189.08,61.67,34.72,2871.82,1,1
108.54,71.7,6.63,2135.31,6,0
26.29,68.26,48.67,1822.19,1,0
35.4,82.09,11.28,2487.48,8,0
288.57,84.64,15.47,659.05,5,1
272.57,62.24,48.87,1898.23,1,1
209.91,42.09,39.7,1171.21,2,1
79.76,21.71,47.15,2231.37,8,0
290.75,66.08,41.3,73.41,5,1
233.63,81.91,34.33,1283.14,2,1
215.07,53.79,17.8,1955.11,7,1
134.81,32.35,19.71,1381.92,6,0
81.67,41.61,47.63,713.91,0,0
28.92,58.25,43.73,1393.05,2,0
270.78,82.75,21.18,2549.23,7,1
136.73,32.88,21.8,620.52,3,0
60.71,65.91,18.4,1101.52,0,0
91.79,76.5,19.68,2971.01,5,1
173.77,90.2,43.73,2738.45,8,1
53.03,28.75,5.47,101.91,5,0
256.98,89.48,24.62,1591.0,8,1
227.56,65.11,47.43,196.24,1,1
215.84,77.5,29.42,2771.71,6,1
129.63,24.03,25.27,1324.63,5,0
188.19,57.96,19.06,1255.31,8,1
175.23,66.7,8.33,818.84,4,0
194.95,43.01,15.1,1706.46,7,0
25.33,52.37,9.07,435.0,1,0
124.74,61.57,10.7,2396.87,0,0
12.48,61.44,12.36,1473.63,6,0
148.2,23.14,18.59,1699.39,0,0
98.96,52.96,5.5,2522.41,7,0
43.36,36.04,47.76,555.45,0,0
31.02,88.75,10.57,525.55,6,0
176.29,93.24,22.24,1262.41,4,1
51.18,42.47,44.58,2358.38,5,0
277.54,33.14,9.8,175.64,5,0
174.32,36.46,26.76,2385.51,3,0
104.06,55.83,43.02,1502.27,4,0
177.27,85.59,30.06,1685.29,4,0
6.84,57.5,14.47,1693.16,6,0
287.57,24.15,38.1,168.5,6,1
144.69,22.99,35.66,749.31,4,0
234.82,37.05,21.3,2265.89,3,0
24.82,83.21,7.08,1236.8,0,0
146.0,66.61,5.35,1681.55,7,0
147.21,62.22,42.14,2834.61,2,0
281.35,43.92,19.47,138.82,3,0
171.52,89.71,11.2,1349.04,8,1
142.05,44.84,28.33,1083.82,7,0
80.09,82.62,46.44,319.35,3,0
99.47,87.19,5.38,2852.38,4,0
156.2,56.25,7.53,2884.38,2,0
131.67,87.07,23.77,934.46,5,0
6.48,40.76,35.42,2840.15,1,0
247.89,69.38,26.42,105.52,8,1
268.85,26.6,45.39,2942.69,8,1
42.07,55.55,6.98,2507.8,2,0
166.21,36.3,20.31,642.99,2,0
32.57,24.71,20.81,1798.64,4,0
201.67,20.28,20.31,2394.9,5,0
84.37,44.36,26.95,957.9,5,0
197.83,64.21,40.58,1061.26,0,1
218.1,54.14,19.3,1886.92,6,1
230.59,42.63,38.5,441.28,0,0
32.32,94.34,11.59,354.63,3,0
274.8,90.46,30.23,749.42,6,1
69.06,29.42,21.88,2223.78,7,0
11.22,51.13,29.26,1099.8,5,0
166.46,68.66,9.85,1522.07,1,0
111.28,75.01,47.91,586.35,6,0
248.94,47.48,45.78,582.32,0,1
242.48,75.97,42.19,1951.35,2,1
95.14,29.31,45.18,325.13,1,0
285.87,44.89,11.6,2003.52,8,0
87.28,73.73,27.67,1202.11,3,0
154.52,66.93,19.31,2013.81,5,0
76.79,82.79,44.93,1145.19,7,1
280.81,23.51,13.52,2538.16,8,1
49.38,33.08,14.9,166.67,8,0
13.47,23.64,35.9,2679.89,1,0
130.53,34.41,9.0,805.98,3,0
297.71,20.32,37.96,127.63,3,1
267.5,57.82,17.07,1687.21,7,1
224.58,59.62,34.74,673.06,3,1
267.24,69.34,44.29,1377.61,2,1
268.03,48.87,32.43,2406.94,6,1
155.66,20.24,14.57,2374.64,4,0
94.78,70.54,7.21,1801.16,6,0
231.6,24.07,7.01,2933.62,3,0
198.5,84.96,9.0,1391.25,4,0
112.1,21.7,31.09,118.17,0,0
28.34,59.79,20.67,2458.28,0,0
224.04,87.12,15.94,663.88,0,1
78.74,62.94,14.87,528.72,1,0
281.04,65.63,47.69,210.03,3,1
72.29,71.12,10.35,983.7,0,0
36.83,29.18,18.72,978.48,1,0
249.33,70.62,26.22,908.31,7,0
45.99,86.03,5.02,1779.58,7,0
53.78,93.07,46.44,2254.63,2,0
179.81,53.23,9.46,2813.3,8,0
262.37,45.84,35.71,282.15,1,1
58.93,76.5,33.3,451.15,0,0
93.1,60.72,41.41,1769.53,3,0
233.22,39.3,34.31,294.41,2,1
291.55,32.91,39.62,1112.29,0,1
150.22,32.77,23.96,1873.66,7,0
43.17,54.44,26.99,2341.64,8,0
4.18,32.76,36.57,652.8,2,0
68.9,21.48,30.58,2003.96,2,0
39.55,23.91,28.02,1937.61,6,0
203.3,89.74,14.25,2578.85,8,1
36.55,25.47,16.61,941.24,2,0
151.9,25.49,21.13,2250.28,6,0
208.28,53.84,5.42,2256.0,0,0
174.33,38.38,23.78,717.58,5,0
59.93,92.2,5.12,1863.47,8,0
241.24,88.32,30.43,2025.49,4,1
214.62,50.36,36.68,823.29,5,1
221.7,53.65,30.3,1355.4,6,1
39.32,48.13,36.21,1307.33,5,0
37.13,22.84,5.0,2320.53,6,0
278.27,41.96,7.67,2.07,7,1
119.27,29.2,36.43,1503.08,0,0
90.28,27.68,41.13,553.02,7,0
146.58,62.06,37.3,1940.53,8,0
198.86,27.41,34.84,2041.11,8,1
286.69,27.72,36.83,1503.38,3,1
85.93,56.04,38.28,1626.09,5,0
277.44,53.17,37.6,945.17,3,1
7.46,30.32,38.21,939.97,7,0
166.56,20.33,8.33,2235.35,3,0
190.19,34.47,7.85,395.19,2,0
31.77,37.69,21.25,2314.51,6,0
42.1,80.02,28.74,1965.04,0,0
125.73,88.66,39.32,2653.42,3,1
289.87,50.45,20.06,780.43,1,0
178.81,50.38,17.38,1518.54,3,0
279.91,73.44,40.17,116.97,4,1
241.31,67.02,16.22,2737.52,0,1
140.21,33.81,41.94,2026.17,7,0
235.43,28.08,12.97,1868.63,3,0
5.35,52.82,21.18,2198.07,3,0
32.74,62.36,23.05,852.99,1,0
248.83,30.4,18.48,1811.58,8,1
239.05,42.0,5.15,2402.77,7,1
69.79,42.95,15.6,270.88,4,0
159.23,39.6,20.19,2876.45,3,0
181.8,54.56,19.11,2675.66,4,1
260.32,68.98,40.35,2889.06,8,1
180.93,58.2,7.13,2425.05,1,0
123.77,35.11,22.5,882.93,6,0
112.26,27.72,6.69,1744.67,8,0
127.76,81.64,46.88,360.49,6,0
195.58,55.95,40.56,2262.5,7,1
260.25,24.66,49.2,460.92,8,1
136.17,39.36,45.96,2600.47,0,0
74.35,80.3,19.21,721.67,2,0
71.0,76.38,36.12,481.24,1,0
223.8,85.69,18.79,212.71,5,1
244.97,65.16,44.97,2134.1,3,1
31.58,51.72,23.48,558.61,0,0
19.97,52.0,21.91,593.0,5,0
178.33,34.55,46.13,509.09,0,1
43.85,68.81,42.65,917.39,3,0
247.4,63.88,48.49,2823.63,3,1
93.1,31.61,7.99,1459.87,8,0
43.16,86.42,15.95,782.63,6,0
276.29,47.64,18.54,511.17,5,1
49.66,23.73,24.1,56.7,7,0
85.42,44.59,26.29,1094.98,1,0
46.08,85.24,18.12,330.18,2,0
34.65,88.77,40.57,81.04,6,0
6.34,56.78,15.05,308.94,6,0
16.62,91.73,36.34,955.56,0,0
52.39,85.64,43.33,2252.59,2,0
16.01,81.89,32.17,200.96,2,0
177.34,84.48,20.94,2036.02,0,0
204.21,48.64,13.46,1861.63,5,0
118.09,76.74,11.05,2645.97,0,0
95.4,63.3,38.49,551.96,7,0
151.36,73.98,26.11,2382.8,5,0
262.5,33.33,7.08,2594.6,6,1
255.34,74.85,49.27,2929.45,4,1
13.04,91.82,35.21,2425.65,8,0
54.45,42.7,42.99,371.3,2,0
71.02,93.96,24.72,2841.39,5,0
74.82,48.38,47.99,2444.98,0,0
171.37,34.98,13.98,636.98,7,0
124.88,28.42,13.33,495.59,5,0
14.78,78.87,45.07,2809.24,1,0
112.08,61.61,45.13,467.1,7,1
157.13,43.03,27.46,2331.31,8,0
30.5,65.63,10.66,1215.78,0,0
250.04,44.91,18.73,2171.42,7,1
15.59,53.63,38.94,275.55,6,0
277.45,84.7,43.07,2175.17,3,1
29.73,70.11,20.64,1535.73,5,0
253.07,77.18,7.76,2701.14,7,1
270.8,63.76,34.96,565.2,4,1
293.87,94.35,38.28,328.07,5,1
240.61,38.11,24.08,588.66,0,1
233.84,39.67,31.24,235.73,8,0
192.74,26.94,49.43,2940.45,8,0
233.7,61.55,16.02,368.57,1,1
40.37,66.0,30.78,602.55,4,0
160.82,74.45,32.49,2429.06,2,0
154.27,45.16,29.71,740.26,3,0
257.27,20.92,44.11,666.88,2,1
138.84,67.42,32.23,2016.93,7,0
115.53,94.9,27.86,1196.3,6,1
191.87,42.09,10.54,2506.44,7,0
79.94,33.8,36.64,1914.81,7,0
41.93,41.13,10.94,864.64,6,0
143.36,51.91,6.2,1793.77,1,0
125.07,38.82,26.98,2599.38,7,0
69.77,46.02,30.76,1093.45,7,0
110.25,67.87,49.96,2209.41,1,1
109.92,45.88,37.05,1247.5,0,0
98.25,49.7,43.19,1629.22,6,0
113.84,23.0,20.59,2201.1,3,0
205.72,88.85,27.9,181.58,2,1
89.06,50.52,48.84,1364.85,3,0
284.66,44.61,23.78,285.64,7,1
274.9,26.49,41.33,2175.02,3,1
144.27,67.56,28.67,1823.42,3,0
98.51,84.79,15.08,980.79,3,0
160.63,23.09,31.12,228.84,0,0
254.57,30.9,14.81,2777.41,0,0
195.78,30.98,5.14,945.01,3,0
241.32,65.17,15.62,826.13,0,0
159.82,89.09,13.69,303.01,6,1
189.88,52.83,21.69,1732.06,3,1
86.45,45.79,44.99,796.96,4,0
220.47,77.44,22.45,2528.56,3,1
60.72,75.69,43.03,2048.3,6,0
208.44,38.51,30.0,11.74,3,0
258.22,32.06,5.34,1697.02,0,0
39.63,46.84,13.49,695.5,4,0
184.31,78.17,46.91,46.1,1,1
28.53,72.13,32.19,1858.1,5,0
217.71,69.94,46.83,614.74,5,1
25.35,82.21,18.96,2698.91,4,0
280.78,40.78,37.25,1720.14,3,1
41.22,45.48,39.74,627.56,5,0
287.66,23.18,48.91,2937.38,6,1
240.27,85.16,5.82,1639.32,7,0
178.1,63.68,47.85,496.42,8,1
234.79,42.36,22.62,1551.73,0,1
238.53,25.21,42.71,2878.05,5,1
283.81,74.26,29.51,1272.63,0,1
76.02,76.16,30.41,1276.04,3,0
177.02,69.96,21.17,1383.38,6,0
28.51,35.28,42.28,840.31,4,0
184.85,88.49,16.88,485.35,7,1
51.39,76.49,27.15,1736.78,8,0
169.49,69.33,30.21,2682.6,8,1
171.73,68.82,38.41,2207.19,6,1
139.8,87.83,26.22,288.56,6,0
156.79,89.62,35.61,1202.55,7,1
229.18,64.67,26.84,15.89,2,1
239.77,51.25,34.67,923.82,2,1
147.65,47.28,35.34,2008.13,3,1
179.88,81.43,36.92,870.7,6,1
279.37,68.35,42.05,2521.67,3,1
35.92,25.79,29.33,1432.15,1,0
35.13,30.66,13.7,2007.5,7,0
26.31,87.51,35.58,2651.6,6,0
197.36,86.34,8.47,2048.43,5,0
125.58,91.39,14.85,2691.98,7,1
232.3,52.09,40.65,2424.2,7,1
201.37,78.8,24.58,1701.19,8,1
100.09,82.12,27.41,891.7,2,0
269.51,43.68,49.43,894.43,1,1
228.76,30.9,15.58,2625.99,3,0
81.16,94.78,5.88,161.65,7,0
109.26,22.27,10.01,2824.31,8,0
94.33,64.8,16.0,981.18,0,0
47.28,68.77,37.67,2216.61,7,0
44.34,71.13,39.91,990.09,4,0
280.84,39.17,30.45,2859.9,7,1
131.37,74.12,16.48,109.42,6,0
115.0,36.23,28.48,1059.96,0,0
218.91,82.18,5.67,2602.38,4,0
165.9,36.43,35.68,822.17,0,0
280.84,72.25,32.64,826.86,3,1
234.09,78.76,5.98,2696.26,6,1
143.81,34.17,41.77,2491.75,6,0
112.91,37.85,39.35,317.31,6,0
295.99,78.43,18.87,1740.54,5,1
215.33,26.45,33.59,670.19,0,1
285.36,34.31,32.07,645.41,5,1
35.54,54.16,11.44,1846.21,4,0
255.16,89.76,13.7,371.6,4,1
191.12,62.14,35.74,1409.34,1,1
36.58,49.08,47.01,767.47,6,0
176.48,93.38,30.93,2561.77,5,1
205.83,54.78,30.55,1663.48,3,1
3.69,52.53,34.1,645.33,0,0
136.3,50.87,24.83,2779.4,0,0
247.62,43.41,7.44,2468.69,3,0
88.61,44.43,22.84,795.88,4,0
137.56,71.59,45.51,2883.15,8,1
132.69,23.06,41.22,803.22,6,0
90.58,71.14,46.73,877.93,4,1
275.53,35.09,11.88,1157.89,2,0
234.39,48.82,27.77,494.42,1,1
33.18,30.99,31.31,2061.05,1,0
299.11,61.46,14.45,1672.01,0,1
263.76,74.7,14.04,2683.39,8,1
85.17,46.6,40.19,722.63,0,0
251.07,32.26,35.23,510.69,7,1
31.93,36.99,34.12,1075.87,5,0
299.73,81.36,17.01,438.33,5,1
199.71,40.07,27.8,2838.45,8,1
195.04,78.1,6.04,2152.34,7,1
27.13,44.84,10.85,2388.57,1,0
269.11,34.15,28.32,2244.13,8,1
8.7,74.55,18.94,728.46,1,0
72.25,55.14,48.46,421.97,5,0
42.91,22.35,26.22,1288.3,5,0
233.03,92.0,8.76,2487.06,2,1
59.46,31.08,5.8,991.55,5,0
273.19,46.51,37.64,28.69,5,1
196.88,48.86,12.72,1980.18,8,0
10.85,56.71,13.45,600.19,8,0
1.63,78.91,24.07,1628.51,3,0
15.5,20.46,16.88,44.64,6,0
181.78,89.94,32.75,1526.55,7,1
240.44,68.45,26.86,1180.83,0,1
71.57,91.3,10.02,2641.24,6,0
254.82,81.3,40.31,2165.44,8,1
17.17,89.59,24.16,108.08,1,0
240.29,65.08,32.49,2368.57,6,1
278.34,46.8,5.18,2373.68,0,1
231.63,53.22,33.19,1990.23,3,1
209.44,69.35,17.73,2787.89,7,1
251.39,52.02,27.25,2409.76,8,1
12.05,74.88,18.4,656.7,6,0
60.53,26.89,49.83,1144.64,6,0
37.48,82.25,15.39,1049.77,2,0
151.36,35.31,46.08,1514.72,7,1
223.56,90.8,46.31,2861.14,5,1
189.0,31.67,23.95,1846.8,8,1
255.34,29.69,18.68,938.82,5,0
46.56,80.89,22.15,2824.55,0,0
220.39,81.4,49.52,2100.81,4,1
57.91,75.41,32.85,798.24,6,0
81.23,92.04,29.52,2719.54,7,1
212.97,40.29,6.62,1032.64,3,0
294.06,82.0,43.15,1548.63,1,1
183.46,46.4,8.77,1437.67,7,0
16.35,60.3,7.11,2770.89,7,0
184.89,53.42,17.37,796.99,7,1
12.71,20.44,26.41,999.92,6,0
265.24,63.08,45.29,1980.48,7,1
212.87,76.06,40.55,2659.85,3,1
51.94,33.09,13.89,344.65,7,0
27.52,89.87,21.74,629.65,4,0
55.06,59.78,40.11,2844.1,7,0
294.01,33.37,28.72,2331.89,1,1
137.57,68.45,12.85,1038.21,2,0
235.22,34.39,22.82,1072.9,1,0
190.92,24.77,33.17,1408.6,3,0
171.72,71.4,48.8,2021.4,7,1
43.54,28.3,34.78,1683.12,1,0
283.81,27.97,5.73,2328.36,6,0
90.4,75.5,36.73,162.5,7,0
173.41,24.14,16.29,2457.12,6,0
209.93,80.73,43.8,174.15,5,1
194.77,79.71,22.28,2642.92,1,1
282.18,30.6,13.98,129.76,5,0
44.53,58.88,26.06,383.5,2,0
152.51,27.25,16.48,540.55,2,0
121.21,67.44,15.61,669.15,7,0
142.25,24.72,30.8,1205.29,5,0
35.77,90.84,39.53,1966.45,8,0
40.23,35.58,42.57,2677.81,4,0
83.42,71.22,22.9,1573.51,3,0
91.41,29.62,8.01,1597.47,8,0
128.37,35.72,26.78,957.92,5,0
183.3,53.82,24.52,2402.04,7,1
190.39,62.98,13.86,331.46,0,0
123.54,94.91,45.33,903.31,4,1
122.63,21.94,48.84,290.94,7,0
65.29,20.02,7.33,642.54,7,0
176.49,46.28,40.81,1759.79,6,1
95.11,47.46,34.06,377.88,1,0
10.82,86.29,16.76,301.85,4,0
125.52,88.44,33.58,2477.73,0,0
142.24,86.04,10.79,354.9,7,0
67.68,30.74,8.12,1824.16,5,0
171.74,50.91,49.71,1056.03,1,1
169.73,75.94,33.64,2689.1,6,0
210.6,43.45,16.4,2122.65,6,1
194.38,69.74,25.25,178.29,0,0
195.73,37.79,47.75,2686.4,0,1
94.86,44.26,24.74,1241.7,1,0
236.23,84.53,45.52,894.68,0,1
164.74,38.79,44.1,2018.35,4,0
129.43,92.32,20.49,2153.92,7,0
187.8,42.97,36.32,909.75,0,1
108.2,21.76,34.72,1054.97,5,0
153.82,39.12,39.7,468.99,3,0
221.01,32.84,21.47,1780.33,7,1
265.92,58.01,7.35,2870.73,4,1
276.32,28.45,12.7,1249.87,6,1
151.09,66.95,32.74,2988.62,8,0
156.08,85.62,39.88,529.24,1,0
239.96,47.19,39.02,2388.3,2,1
94.34,32.64,31.27,2784.32,2,0
251.21,50.0,8.81,2064.16,1,0
148.24,78.95,5.78,327.98,5,0
34.76,64.36,40.2,979.62,0,0
21.62,27.59,29.72,257.0,3,0
252.6,60.29,40.22,1805.24,1,1
16.67,55.11,12.33,2994.45,5,0
84.18,44.53,23.33,1124.26,6,0
100.24,28.26,46.36,488.84,4,0
51.9,93.58,12.72,805.92,4,0
94.17,33.2,7.77,1712.41,4,0
222.81,34.46,34.41,1706.89,1,0
4.4,30.92,31.75,689.46,3,0
248.15,62.76,47.84,2252.11,8,1
256.96,53.28,45.79,264.04,0,1
111.68,38.72,38.72,1869.12,7,0
46.08,52.21,5.86,1277.1,1,0
180.25,70.51,26.62,381.53,1,0
35.9,41.13,45.32,1903.15,2,0
109.48,88.64,24.51,2019.15,2,0
287.53,42.98,48.3,1320.06,2,1
298.64,34.86,34.36,2393.98,7,1
231.63,91.59,9.93,1527.95,8,1
93.29,80.79,27.92,857.26,6,1
206.3,45.74,36.3,2860.8,1,0
211.62,83.11,7.94,2832.13,8,1
116.35,58.91,20.51,286.86,7,0
192.27,46.01,37.27,2838.24,0,1
3.22,82.97,12.07,2326.45,3,0
62.72,76.41,20.68,319.93,6,0
157.53,42.34,36.05,1557.98,0,0
49.13,65.5,39.9,104.85,0,0
49.77,47.7,28.33,1766.57,5,0
250.89,20.08,48.06,2799.56,3,1
296.74,92.14,46.64,1104.63,3,1
166.79,61.22,26.3,1525.88,6,1
251.72,64.88,12.21,682.68,4,1
297.1,64.99,39.78,1622.84,6,0
42.48,61.3,15.94,2407.72,1,0
134.47,41.75,42.93,645.77,0,0
117.77,92.87,31.42,1660.46,2,0
24.01,66.63,22.73,1063.93,1,0
226.6,70.32,30.04,2243.62,2,1
130.13,54.11,28.98,2106.12,7,1
140.8,41.59,46.61,2096.37,1,0
45.2,24.83,14.65,1133.41,1,0
54.28,46.27,46.77,1797.84,1,0
272.13,33.21,6.41,1953.26,2,0
13.39,69.66,39.61,2042.44,1,0
69.86,85.93,46.39,1725.77,1,0
87.62,42.71,22.73,2600.41,5,0
147.06,44.97,8.29,746.4,1,0
175.93,70.28,41.21,167.42,1,1
147.99,31.2,42.93,2887.51,7,1
25.23,89.71,20.13,182.2,0,0
73.1,47.29,28.34,2708.87,0,0
253.08,27.59,41.43,1836.85,0,1
191.28,33.1,13.64,2756.22,4,1
194.74,89.96,33.3,1694.86,6,1
201.06,38.53,24.38,2463.03,6,1
228.87,69.67,12.85,2163.87,6,1
17.43,31.71,42.41,1575.34,0,0
109.98,34.56,19.61,1089.97,3,0
161.86,85.94,47.05,8.58,5,1
101.54,31.1,30.6,752.72,6,0
253.34,21.41,28.15,2855.3,3,1
144.77,57.59,24.05,826.39,7,0
230.59,84.7,23.03,2255.56,7,1
255.6,44.45,41.81,1525.49,6,1
151.44,29.61,35.49,925.54,7,1
272.87,93.67,39.82,2973.28,8,1
176.14,70.76,23.95,140.92,7,0
255.08,83.8,16.76,1746.23,5,1
102.18,76.41,8.91,1384.55,3,0
149.65,72.37,39.95,229.58,3,0
159.42,48.84,23.69,642.29,7,0
31.49,44.33,27.92,2082.73,2,0
119.57,73.77,26.12,324.99,5,0
275.2,73.75,24.4,2403.08,4,1
189.25,91.29,35.78,1875.18,3,1
53.25,62.65,32.39,302.57,4,0
101.66,42.1,48.74,860.44,0,0
57.48,56.71,11.25,411.53,6,0
7.45,66.03,30.81,2392.8,0,0
278.24,52.0,7.85,1598.88,0,0
134.46,79.33,41.36,8.49,2,1
92.26,63.85,32.73,1628.71,4,0
179.54,20.71,24.28,1448.41,2,0
2.19,62.74,41.1,1929.23,7,0
83.41,67.52,25.48,104.53,8,0
210.91,88.64,15.25,106.28,3,1
190.13,51.03,26.26,1048.1,8,1
294.54,63.09,8.19,2065.61,0,0
186.11,55.62,45.4,1999.67,1,0
143.25,59.87,37.89,834.79,3,1
228.43,25.05,39.21,648.2,8,1
271.0,87.3,44.35,2049.38,4,1
216.21,88.28,40.62,81.34,6,1
288.96,61.1,24.43,1670.35,5,1
234.6,61.74,10.34,1272.3,4,0
260.04,24.32,21.8,717.26,8,1
34.23,64.85,47.03,1560.89,8,0
219.72,52.19,47.71,651.5,4,1
132.03,73.18,39.55,1692.96,6,0
165.93,23.53,14.2,446.92,5,0
196.23,73.32,13.75,1217.08,5,0
290.94,41.52,44.59,1531.28,0,1
295.37,68.88,11.39,95.1,1,1
86.47,67.03,31.29,1832.15,8,0
220.13,37.01,22.02,2250.95,2,0
225.0,53.03,18.59,2868.22,5,1
103.95,82.67,35.48,609.38,8,1
37.16,65.42,48.18,626.09,5,0
12.28,25.16,39.99,914.49,1,0
233.2,53.22,26.88,2672.29,7,1
146.91,43.38,24.83,1220.57,0,0
295.66,68.12,45.84,905.38,6,1
139.49,66.09,31.01,2223.54,2,0
293.38,20.78,27.35,113.97,5,1
123.47,65.58,35.73,1646.44,4,0
238.1,75.11,15.67,1350.57,5,1
25.45,77.65,7.87,1874.57,3,0
166.64,24.42,43.48,2193.3,4,0
240.62,42.77,32.33,974.97,8,1
277.41,51.6,12.42,1909.25,7,0
246.77,33.48,18.41,1572.99,3,1
11.09,51.56,49.55,401.9,8,0
111.81,25.33,33.55,2645.18,8,0
14.61,28.49,33.63,2263.77,5,0
32.78,70.15,8.25,2764.96,5,0
202.59,39.69,48.6,2161.21,0,1
213.98,73.36,45.18,734.42,4,1
232.12,23.61,29.65,1291.58,1,0
259.64,62.2,18.92,1160.61,1,1
221.83,49.36,36.41,107.47,7,1
240.26,79.77,42.5,1231.64,2,1
14.69,78.8,40.38,1036.71,5,0
70.36,48.17,48.97,11.77,7,0
186.57,66.7,33.66,2541.37,5,1
257.44,37.07,19.46,431.62,7,1
1.35,63.53,27.41,1502.86,6,0
154.39,26.09,41.73,2354.03,4,0
203.19,52.6,16.94,1813.44,8,1
8.88,33.7,15.41,508.05,8,0
120.41,86.25,37.62,1854.63,3,0
268.69,53.37,25.0,2272.79,7,1
201.48,64.31,41.75,2564.29,1,1
71.3,47.03,11.47,955.96,1,0
255.83,41.66,20.11,101.76,4,1
104.41,35.22,17.06,1823.84,5,0
256.0,88.39,36.4,677.31,5,1
89.68,79.96,39.17,2342.69,7,0
177.1,29.99,25.52,2039.65,3,0
119.08,76.0,26.51,2319.56,7,0
82.45,51.39,10.94,2902.59,8,0
265.97,21.15,36.58,1753.64,0,1
56.28,59.63,49.65,2712.94,4,1
25.44,29.75,40.01,1925.68,2,0
102.58,35.75,15.04,545.23,5,0
215.29,72.2,33.04,2397.92,3,0
242.23,39.29,18.27,2081.1,2,1
299.62,86.89,6.36,2933.82,2,1
88.91,69.29,13.09,730.3,3,0
122.38,82.42,9.62,999.38,0,0
41.05,66.14,13.82,2464.47,0,0
172.46,85.16,40.8,188.67,5,1
299.27,47.13,18.18,1899.6,8,1
210.26,61.19,39.07,1606.43,4,1
178.56,58.69,47.7,506.47,8,1
117.71,87.78,30.84,495.37,1,0
274.59,32.37,26.84,2430.59,8,1
149.07,63.35,38.76,46.34,5,1
40.31,76.58,9.37,2240.52,6,0
109.61,47.75,24.27,2198.0,0,0
20.15,85.07,27.45,1949.04,5,0
60.59,47.98,42.4,1228.55,3,0
5.3,33.0,41.64,84.96,8,0
135.98,63.8,43.17,2405.33,7,0
190.36,51.54,36.4,377.12,7,1
102.99,21.14,28.88,842.36,8,0
126.11,25.24,42.25,2840.35,6,0
287.76,34.65,44.3,905.58,2,1
225.59,77.7,26.62,765.42,2,1
162.26,86.9,49.35,2920.11,7,1
85.36,60.92,44.37,257.8,5,0
269.1,27.92,27.97,482.07,8,1
70.53,60.08,8.12,1314.95,7,0
97.6,84.17,15.1,2363.02,5,0
272.72,76.21,39.94,2653.08,1,1
158.86,41.83,10.0,2266.91,8,0
222.7,29.29,26.14,2928.53,2,1
177.22,87.55,32.22,50.54,2,1
196.03,84.06,44.53,1858.52,1,1
89.81,24.03,43.12,349.04,0,0
72.41,81.78,39.39,2731.09,3,0
96.75,27.29,23.35,2805.92,7,0
46.63,24.75,11.4,909.08,7,0
262.29,76.9,35.13,2483.13,4,0
84.97,60.22,13.16,1890.83,2,0
168.45,51.09,30.26,301.47,3,0
237.59,87.79,49.13,1808.3,8,1
235.15,82.95,29.76,2928.17,0,1
131.52,24.32,34.05,924.28,0,0
142.88,66.21,35.49,3.42,0,0
298.41,77.92,42.37,2930.38,7,1
202.38,61.29,24.57,1241.95,0,1
244.39,93.73,27.39,1292.8,8,1
270.77,71.45,12.92,2137.84,1,1
236.28,27.81,32.66,1813.16,4,0
55.55,34.87,18.31,905.96,8,0
168.65,81.97,27.84,299.93,1,0
30.57,94.76,39.5,2482.09,2,0
195.88,27.38,5.79,1450.13,6,0
286.6,27.52,30.38,2017.42,7,1
153.82,77.25,12.81,2581.51,8,0
129.89,24.83,17.57,53.17,0,0
10.75,25.14,6.56,2578.16,6,0
287.93,86.66,12.63,2255.39,2,1
30.9,80.03,49.4,2840.47,5,0
12.32,86.12,49.93,700.77,8,0
73.82,68.79,37.39,967.27,8,0
19.66,44.19,32.53,1984.44,1,0
136.54,87.97,39.97,2777.38,4,1
154.83,42.4,45.34,2978.01,2,0
93.77,40.66,28.37,1250.21,5,0
15.29,86.48,6.59,1617.69,7,0
33.48,71.06,36.92,511.65,2,0
115.35,87.18,49.31,2081.93,1,1
18.16,31.69,16.61,2512.11,0,0
209.46,91.42,25.86,2395.95,0,1
62.11,65.96,21.26,1037.53,3,0
90.62,70.1,22.57,2889.79,8,0
118.24,88.55,37.46,361.04,2,1
124.98,48.56,22.03,1481.91,3,0
0.5,73.97,47.35,1663.79,6,0
33.62,68.03,40.53,1609.54,5,0
258.83,79.08,6.24,2273.67,2,1
0.37,87.27,41.83,1828.82,1,0
152.45,71.0,39.78,231.39,1,0
146.85,25.07,28.24,539.55,1,0
99.93,33.74,27.36,1596.72,0,0
129.4,91.55,42.6,2083.64,4,1
234.17,92.65,24.12,1542.52,5,1
252.36,92.56,12.18,1066.52,6,1
78.1,22.76,19.08,153.4,8,0
96.75,48.68,16.93,2357.64,2,0
72.74,76.98,35.65,1491.58,5,0
143.96,76.47,13.05,1616.37,7,0
204.98,26.44,34.01,1406.87,0,1
68.48,65.71,25.97,796.04,7,0
99.22,30.72,42.78,829.12,0,0
279.12,56.99,26.82,190.5,4,1
14.57,37.98,46.84,2122.8,7,0
138.23,23.99,45.52,815.62,4,0
213.47,26.0,13.34,895.68,5,1
45.14,88.32,35.88,2980.5,5,0
14.21,75.85,14.66,1157.44,5,0
41.46,89.89,42.05,1532.09,6,0
275.65,55.25,33.61,1159.42,7,1
2.78,51.0,18.24,870.57,1,0
56.5,46.88,16.21,17.55,3,0
9.39,66.22,24.33,2564.66,7,0
33.19,46.37,41.03,1419.46,3,0
186.04,75.97,40.83,2159.67,4,1
72.49,80.1,6.5,2875.97,6,0
170.76,85.69,18.6,8.49,8,0
177.06,38.21,24.03,2025.12,2,0
254.83,59.53,31.35,355.92,8,1
1.42,36.76,11.73,1373.9,6,0
256.01,22.82,20.09,2540.35,0,1
185.74,73.09,44.85,214.49,7,1
48.82,61.17,26.44,2968.84,3,0
231.88,74.29,38.49,1742.51,2,1
256.65,26.57,26.82,1184.98,4,1
76.28,94.66,25.92,58.53,5,0
275.64,94.58,32.99,1760.47,4,1
136.34,54.87,16.67,1484.67,0,0
181.03,84.95,16.24,645.95,7,1
295.39,38.27,49.52,1471.34,3,1
108.46,75.32,44.1,38.37,1,0
243.95,85.94,38.2,2998.43,5,1
95.52,81.1,11.17,996.34,5,0
239.76,80.88,6.36,1440.67,0,1
180.22,54.73,12.89,2354.33,8,0
64.91,81.5,47.2,2138.34,5,1
124.21,71.8,41.73,2665.68,8,0
95.29,29.93,28.54,2823.98,6,0
23.43,28.56,48.6,567.53,0,0
8.95,77.89,11.6,1171.2,1,0
103.94,66.91,30.16,2060.45,8,0
5.71,58.95,13.24,135.07,5,0
49.65,88.04,18.79,2150.83,1,0
217.55,69.47,47.31,14.65,0,0
212.43,49.71,44.07,2742.27,4,1
221.57,51.04,9.58,2154.51,5,1
95.15,65.39,16.23,1696.5,2,0
267.01,77.02,31.75,1286.7,1,1
178.15,62.33,7.76,2964.07,5,0
37.81,58.16,29.75,2209.54,3,0
43.12,74.52,31.3,2421.88,0,0
207.93,72.89,18.09,2476.15,0,0
51.88,82.28,18.19,65.62,2,0
152.19,24.69,15.31,164.05,5,0
297.53,76.62,47.11,595.09,2,1
1.2,58.53,22.5,1965.65,0,0
4.97,25.6,31.34,1871.85,8,0
297.93,70.93,18.57,975.49,6,1
175.39,73.74,36.62,2919.0,5,1
38.07,59.27,9.56,279.32,2,0
269.19,79.53,8.22,2330.16,6,1
264.11,42.52,38.49,1442.63,8,1
160.86,35.14,37.7,1256.5,6,0
186.54,46.31,16.93,76.69,2,1
81.96,50.75,20.98,2183.4,3,0
15.16,72.2,48.08,2314.73,8,0
178.37,83.41,9.69,956.87,0,0
88.43,74.07,13.24,1550.89,1,0
199.09,33.05,24.35,1819.33,0,1
250.87,47.47,17.69,1102.94,5,1
5.45,31.88,34.21,1846.75,4,0
178.71,71.5,36.08,1302.38,1,0
69.38,38.61,28.69,2634.21,8,0
262.17,59.4,32.5,2155.54,4,1
76.1,79.39,24.5,331.5,2,0
183.23,70.32,39.22,2398.81,8,1
166.06,42.38,6.89,1012.52,6,0
118.85,44.97,19.08,2806.71,1,0
203.29,69.0,35.8,1810.11,7,1
217.73,61.21,19.83,82.73,0,1
170.08,27.23,8.53,2203.09,8,0
227.53,85.55,20.53,392.2,3,1
295.03,58.45,37.02,2631.8,2,1
125.78,55.5,10.49,2844.99,0,0
154.37,34.88,37.61,2085.77,8,0
3.74,48.27,39.9,1598.62,5,0
238.81,44.96,33.59,1806.19,5,1
156.07,40.31,15.99,1286.57,7,0
122.39,62.56,41.24,250.75,4,0
28.22,54.67,14.65,2786.53,2,0
266.9,86.69,45.76,987.56,7,1
118.5,90.6,36.8,938.54,4,1
204.77,36.46,7.46,573.97,2,0
44.81,27.51,40.97,2977.22,7,0
288.46,78.9,27.79,2827.69,7,1
53.53,94.61,25.37,1048.3,2,0
59.86,84.77,23.92,780.02,5,0
257.69,21.78,32.3,2416.11,8,1
273.77,38.84,37.61,1267.83,7,1
63.64,23.25,45.32,2903.36,1,0
140.94,81.56,17.28,2703.65,7,0
220.05,63.61,33.38,2278.35,0,1
263.51,58.53,35.89,269.77,5,1
113.72,61.58,35.37,2106.38,4,0
155.11,38.93,27.19,2961.76,0,0
222.51,65.12,22.6,1119.88,6,0
219.34,22.3,39.31,2644.71,2,0
234.89,68.45,18.5,1224.43,7,1
170.98,75.08,14.36,2913.97,7,0
31.38,70.48,29.56,1960.77,5,0
271.19,44.91,17.04,289.5,5,1
259.67,81.97,6.5,1437.14,0,1
239.43,73.67,7.32,149.19,8,1
29.96,29.62,36.28,1185.23,6,0
61.32,34.64,48.79,2746.14,3,0
223.08,67.78,25.46,696.61,0,0
6.94,41.71,11.62,2851.7,4,0
293.77,28.96,41.81,299.77,8,1
113.14,31.62,16.76,1994.43,7,0
215.79,32.42,49.8,2897.06,0,1
266.27,55.83,30.35,1962.46,6,1
118.39,65.55,15.47,2697.01,0,0
95.74,33.23,27.32,2973.09,3,0
182.62,73.44,20.09,1925.53,4,1
174.3,41.08,40.08,2346.79,0,0
122.74,43.37,9.76,95.96,1,0
180.53,36.76,43.57,1281.93,7,1
280.61,78.89,39.53,864.8,5,1
140.29,91.99,43.76,2472.56,7,1
59.02,56.94,45.27,2032.73,5,0
113.16,23.15,15.34,1843.24,4,0
118.23,39.54,28.45,2794.68,0,0
39.33,31.85,43.25,266.6,4,0
48.86,83.21,21.98,2861.52,6,0
205.37,26.36,7.72,302.29,1,0
101.84,92.49,18.12,1041.05,4,0
286.47,64.14,15.89,1890.82,3,1
73.08,58.83,44.15,1024.43,7,0
29.68,83.55,25.87,2047.61,1,0
226.05,22.07,35.76,2326.26,0,0
264.31,78.29,48.3,2485.52,1,1
83.43,28.75,18.46,538.03,1,0
60.63,83.06,39.25,546.23,7,0
55.73,59.69,6.02,156.94,2,0
156.6,24.58,9.69,1472.56,3,0
140.52,82.49,12.28,412.6,2,0
77.83,22.05,19.06,955.79,7,0
13.55,30.38,23.13,2521.3,5,0
144.45,79.84,26.47,2845.98,4,0
287.8,54.87,16.04,2466.23,7,1
195.76,86.1,7.98,1.95,0,1
148.65,67.66,35.49,1704.07,6,1
33.21,66.76,6.06,499.98,3,0
75.73,41.92,41.43,1127.24,3,0
88.43,30.03,46.81,1283.76,1,0
229.44,92.09,36.97,2828.82,0,1
263.01,27.86,31.82,1901.22,6,0
270.49,59.68,34.57,802.97,7,1
295.37,40.44,34.35,1928.38,8,1
294.71,39.81,46.93,2855.6,2,1
285.9,64.59,48.39,177.48,6,1
21.55,79.85,24.2,2447.96,1,0
41.34,78.29,32.77,650.69,7,0
91.34,85.16,41.13,459.32,5,0
165.87,41.97,5.05,2696.6,7,0
29.09,54.93,28.72,5.55,0,0
253.74,20.7,34.38,2223.26,6,0
185.03,76.01,37.27,261.69,4,1
162.71,42.68,21.6,1853.99,5,0
49.59,62.11,18.3,1862.69,4,0
75.98,32.7,13.2,2588.33,6,0
48.09,81.45,30.1,2467.82,5,0
255.58,81.3,46.37,2055.49,3,1
175.27,85.81,45.32,1141.64,3,1
220.54,23.45,21.2,499.22,0,0
88.81,94.43,16.6,1907.05,6,1
111.38,38.58,40.5,1490.91,6,0
121.46,43.21,37.62,233.83,5,0
228.0,38.7,27.74,2866.69,6,1
231.71,40.06,22.51,943.26,2,0
62.04,61.45,10.57,6.42,2,0
282.46,37.99,40.33,2705.07,8,1
36.2,49.53,32.79,1731.15,8,0
268.84,69.17,21.96,2199.18,7,1
30.12,82.7,46.35,458.0,0,0
79.36,71.96,34.69,1213.82,4,0
253.94,64.57,46.82,1935.18,6,1
53.85,31.08,26.35,752.89,0,0
124.07,81.21,25.46,2104.5,8,1
134.96,22.8,47.18,700.84,7,0
73.58,39.81,48.19,627.38,2,0
213.07,24.28,48.23,34.87,4,1
255.4,70.06,41.85,845.72,8,1
262.37,47.63,25.81,740.21,7,1
101.8,68.9,14.46,2293.07,7,0
159.26,46.03,22.25,1709.13,8,0
74.52,54.18,47.22,533.47,6,0
73.44,54.35,21.36,1704.38,8,0
48.38,23.42,39.05,676.33,8,0
282.01,52.27,46.54,1276.51,0,1
266.4,68.08,48.67,2664.62,5,1
233.21,60.95,47.65,2157.77,3,1
155.3,25.65,29.98,1953.3,4,0
147.18,70.1,27.13,844.45,1,0
158.92,43.16,49.44,373.74,6,0
160.97,21.08,14.82,2258.85,7,0
130.37,31.67,13.44,1703.67,3,0
39.53,57.32,48.34,1868.28,6,0
37.7,43.28,36.01,2925.34,2,0
285.67,72.08,29.13,1044.96,6,1
144.61,38.05,10.94,2402.24,0,0
285.96,77.96,28.1,1676.87,7,1
49.07,41.49,47.49,705.78,3,0
166.32,66.56,32.13,158.66,4,1
62.32,79.94,23.21,1848.03,7,0
75.96,48.92,29.8,892.85,0,0
9.02,23.51,44.88,2086.44,8,0
35.69,60.16,46.08,2102.18,5,0
275.05,94.66,23.0,1366.38,8,1
96.46,92.67,32.36,1609.19,4,0
182.44,36.58,17.56,1879.64,1,0
139.5,76.68,25.3,1405.81,5,1
120.14,45.87,14.89,2632.11,5,0
159.57,32.02,28.92,227.8,8,0
56.17,69.94,31.02,2939.45,5,0
296.58,57.57,20.2,100.35,3,1
245.49,60.44,17.25,624.29,1,0
222.48,82.05,11.8,2124.92,2,1
140.63,45.24,11.28,254.88,5,0
45.86,70.03,37.02,786.52,3,0
276.2,47.46,14.97,461.93,3,1
102.42,23.2,10.31,2170.71,0,0
15.03,48.35,49.95,1736.8,8,0
102.72,91.25,16.7,193.44,7,1
238.34,56.24,45.32,1380.4,2,1
186.81,28.12,32.41,625.51,1,0
225.25,71.59,37.18,2903.1,7,1
238.09,92.25,30.24,323.75,7,1
63.59,88.1,13.14,1794.17,8,0
277.13,62.9,43.12,1445.54,4,1
131.4,48.22,42.26,1734.25,6,0
191.7,63.55,20.74,2869.48,6,1
0.69,81.19,39.37,1023.85,1,0
298.01,84.59,29.44,2246.3,4,1
84.27,81.41,45.91,1342.4,2,1
18.62,54.16,41.13,1982.28,6,0
137.48,28.91,6.84,1096.97,8,0
38.71,62.69,44.57,681.37,0,0
45.7,31.73,48.59,250.85,0,0
189.68,24.57,38.4,305.25,2,1
117.88,57.4,10.4,2878.29,1,0
276.56,69.15,41.33,2365.37,0,1
95.75,84.06,34.14,734.88,8,1
217.85,78.71,20.25,1587.44,5,0
138.33,84.29,44.78,2142.7,6,1
197.99,77.01,30.45,1057.61,5,1
179.91,72.74,43.38,1319.96,6,1
141.84,20.76,35.16,2155.15,6,0
285.02,66.96,17.98,682.36,1,1
102.81,29.04,48.88,1579.03,1,0
53.17,24.4,30.7,630.26,4,0
203.43,31.73,28.25,9.23,3,0
253.8,81.75,23.16,2070.79,7,1
12.08,75.79,11.14,2121.79,2,0
134.89,91.16,35.88,2987.17,2,1
267.75,93.42,24.39,543.05,4,1
224.89,87.0,47.06,2218.74,1,1
297.54,29.97,48.43,2843.9,7,1
159.42,85.88,39.54,1933.74,0,0
198.0,82.9,15.91,2889.42,7,1
90.74,85.33,37.22,2983.32,5,0
284.26,31.38,5.92,2404.87,7,1
109.9,28.76,42.19,2997.86,2,0
221.55,89.29,27.21,1877.47,8,1
120.94,33.04,47.15,1491.17,7,0
168.55,47.65,22.0,2752.91,4,0
215.93,54.2,16.84,2492.87,2,1
152.68,29.33,49.78,330.34,1,0
272.13,21.55,28.88,908.17,1,0
125.79,94.56,43.84,781.94,5,1
194.12,85.75,46.0,2565.78,8,1
102.71,88.43,28.33,699.74,5,0
122.45,41.34,25.51,912.13,8,0
132.02,36.51,29.88,1556.37,6,0
37.74,51.94,43.15,228.36,6,0
27.52,54.0,48.41,2883.69,6,0
200.25,20.42,19.77,1473.19,8,0
196.66,78.44,38.24,571.3,7,1
198.87,94.75,17.84,812.46,1,1
5.93,59.65,32.49,2394.25,5,0
97.96,49.12,41.22,1902.02,4,0
59.34,49.46,44.89,1393.88,7,1
233.45,27.21,25.19,994.8,1,1
258.19,39.96,21.64,2702.05,7,1
74.0,57.66,16.41,2317.69,4,0
200.35,52.39,11.0,2154.34,8,1
38.81,60.88,21.42,1338.0,7,0
82.55,83.68,44.24,2943.48,3,0
41.6,36.89,23.85,2130.21,7,0
85.06,22.07,19.28,1270.87,1,0
202.42,22.87,38.26,2881.66,0,1
273.1,30.06,14.7,2687.17,4,0
60.76,62.79,16.53,2219.9,3,0
162.62,80.61,47.12,2300.99,1,1
210.42,86.51,8.67,1270.88,8,1
285.88,67.63,23.66,1522.05,0,1
183.02,50.24,30.95,574.64,5,1
76.53,31.59,15.36,1786.19,2,0
187.64,50.11,17.65,1109.75,2,0
96.15,44.93,14.98,1042.31,1,0
292.84,85.25,20.53,2844.68,3,1
119.9,56.5,45.43,494.35,6,0
205.63,36.96,24.42,2489.92,2,0
6.97,41.66,23.8,844.41,6,0
120.02,30.24,22.4,85.97,4,0
262.53,88.89,48.39,121.39,7,1
183.07,23.78,10.28,1287.53,4,0
133.18,20.96,44.23,1363.38,3,0
280.78,33.72,19.72,960.75,4,1
256.2,80.82,48.04,2006.34,6,1
96.66,59.26,19.19,1456.03,4,0
163.36,66.94,8.73,222.34,8,0
146.95,46.83,28.4,1044.21,4,0
189.66,25.15,15.25,305.89,2,0
100.23,84.21,38.88,188.75,0,0
73.26,34.39,34.58,624.92,3,0
273.8,22.48,35.89,2101.73,0,1
277.16,62.95,13.71,2088.0,0,1
253.0,26.25,36.89,2584.17,3,1
293.46,27.18,19.01,2269.26,2,1
223.5,80.03,49.94,1606.49,7,1
229.4,56.87,37.93,937.84,6,1
228.78,38.11,31.57,17.43,7,1
144.18,46.15,44.02,1941.41,4,1
136.94,74.69,31.52,869.14,0,1
72.07,24.98,29.87,750.3,7,0
193.45,28.74,15.68,2924.48,4,0
86.8,66.22,35.52,522.72,3,0
77.34,65.52,21.86,97.3,5,0
175.79,92.93,6.94,2848.17,1,0
122.99,48.09,41.72,918.02,4,0
65.66,24.88,7.33,1180.26,5,0
244.82,60.32,35.25,242.8,6,1
258.17,67.88,12.05,1212.2,4,1
50.31,30.47,24.47,2916.66,8,0
2.25,61.46,43.66,2082.06,8,0
100.84,34.83,9.25,1421.47,0,0
239.25,83.35,35.02,922.41,0,1
251.75,82.64,32.57,1098.13,4,1
41.5,52.22,44.04,1833.68,7,0
232.3,92.51,12.77,763.35,4,1
34.71,93.48,40.99,455.84,1,0
117.02,29.69,25.26,2088.69,5,0
299.58,47.58,24.29,2608.41,8,1
57.78,65.02,21.28,2704.62,1,0
46.19,26.36,22.35,2524.26,4,0
126.84,48.7,28.4,1591.8,5,0
185.9,39.59,9.81,2366.49,3,0
279.87,91.4,24.13,2779.07,0,1
294.25,50.87,34.34,70.09,6,1
20.89,77.2,27.42,1236.29,6,0
41.4,49.0,12.46,612.38,5,0
237.22,29.89,21.34,2990.31,5,1
81.19,84.74,24.93,2788.7,5,0
265.45,20.03,35.1,2406.56,2,1
199.04,24.2,45.53,887.64,0,1
33.55,47.33,29.77,2856.31,8,0
249.76,71.52,35.44,87.75,1,1
52.91,45.63,8.47,564.12,7,0
127.05,24.97,47.95,1850.62,4,1
165.66,43.84,19.18,2379.02,4,0
150.23,38.37,20.94,2650.89,0,0
205.85,20.41,15.03,901.53,8,0
195.81,60.11,8.81,1172.41,4,1
297.61,28.75,40.55,1364.48,7,1
299.83,41.56,15.82,80.92,7,0
154.94,68.09,17.72,2591.91,1,0
28.56,74.38,13.18,1013.85,8,0
218.35,39.76,48.87,597.84,5,0
293.0,44.69,40.15,1227.59,1,1
95.5,38.52,46.85,2131.69,5,0
138.36,91.77,43.78,2612.75,5,1
127.43,34.29,45.78,646.13,5,0
15.43,33.74,26.56,517.84,2,0
201.68,53.38,12.67,2831.35,8,1
106.0,34.2,19.71,1652.68,2,0
236.24,31.75,18.16,1097.32,4,1
249.64,27.19,37.27,597.96,7,1
246.37,68.01,6.16,2985.74,0,0
125.0,65.91,11.39,2157.55,3,0
96.46,68.76,35.73,653.66,4,0
224.65,78.0,10.55,273.78,6,0
240.42,44.48,7.17,597.85,7,0
147.38,88.88,9.91,743.23,7,1
267.91,74.99,36.08,333.26,3,1
43.17,80.35,11.27,688.95,4,0
263.72,74.07,11.58,350.34,0,1
28.83,46.88,15.36,1133.2,7,0
46.06,41.23,38.79,1458.59,2,0
160.15,51.69,14.02,1365.85,4,0
20.26,27.28,6.59,2487.63,6,0
15.84,53.85,45.76,761.99,6,0
0.16,23.24,44.43,2661.28,0,0
130.89,20.3,13.32,2724.37,6,0
232.39,89.86,16.94,2879.4,3,1
10.45,71.7,13.49,542.95,3,0
195.68,62.14,37.38,737.25,1,1
246.94,45.58,16.25,1871.5,6,1
50.4,62.79,46.92,422.67,4,0
44.06,86.87,42.24,256.86,0,0
258.24,68.93,31.48,221.09,1,1
246.94,65.19,5.4,1818.45,6,0
161.68,54.52,44.77,2414.03,0,0
245.76,45.93,37.75,776.66,4,1
27.83,72.39,40.46,2800.6,6,0
118.34,93.57,8.23,2375.81,8,1
221.34,51.86,36.89,232.38,1,0
77.24,49.42,41.21,1221.91,2,0
225.7,52.11,48.05,204.04,1,1
151.25,51.92,31.12,2745.58,7,0
225.08,94.3,27.86,2228.41,5,1
139.4,73.01,24.14,2059.64,8,1
110.37,46.94,36.56,2048.11,0,0
65.76,47.86,46.44,855.55,6,0
62.51,52.31,31.99,2800.62,0,0
225.45,22.75,15.23,2768.33,0,0
35.67,59.59,5.79,2218.47,3,0
25.79,80.85,32.86,1406.79,3,0
52.89,69.54,43.91,141.35,3,0
52.6,34.88,7.97,84.93,0,0
246.93,74.6,22.89,414.4,4,1
119.55,73.96,47.3,1787.29,3,0
297.12,39.69,27.58,2394.3,8,1
41.16,66.72,14.93,2845.4,7,0
196.06,65.82,20.91,526.09,3,1
134.62,82.98,23.37,826.58,6,0
117.88,30.21,10.28,162.3,5,0
262.53,34.61,34.74,2967.14,4,1
292.68,56.45,31.65,2342.75,8,1
261.86,23.31,34.15,1442.14,5,1
57.69,51.17,32.49,1726.7,4,0
66.24,79.12,5.75,1686.52,5,0
196.82,31.15,12.85,763.08,7,0
86.73,54.5,12.45,556.17,6,0
220.42,94.23,9.41,890.93,4,1
169.93,57.94,38.1,741.46,1,1
165.27,57.37,10.41,1672.58,5,0
248.56,61.91,35.07,924.61,3,1
213.16,33.95,13.03,2186.83,8,0
7.97,31.04,10.32,1703.82,8,0
14.84,70.8,12.31,1596.79,0,0
180.47,49.68,27.88,2853.88,8,1
145.86,41.74,34.05,967.23,8,1
78.06,22.35,41.54,1905.81,8,0
125.6,83.45,10.79,0.15,4,0
227.37,22.42,32.73,2210.77,2,0
247.98,76.25,39.82,1507.63,5,1
168.37,48.65,19.06,625.15,7,0
115.61,64.9,8.59,4.53,4,0
81.21,38.58,12.02,2120.83,8,0
156.58,31.65,9.12,1988.1,2,0
94.42,60.0,44.92,1996.22,7,0
169.23,72.17,21.95,1312.36,0,0
203.0,34.66,28.55,1917.89,7,1
19.82,52.73,39.59,1714.0,8,0
0.32,53.35,21.72,716.69,6,0
63.68,36.2,34.21,1556.3,5,0
268.35,62.38,8.45,1543.78,3,1
193.89,30.95,26.64,2470.87,7,1
51.59,58.23,9.34,1300.47,1,0
267.08,28.51,16.17,1308.26,2,0
140.99,56.42,18.2,2953.21,1,0
142.83,43.37,37.29,2683.39,2,0
280.66,53.92,35.33,726.86,4,1
17.85,52.53,38.62,2730.88,3,0
64.55,88.09,7.78,413.9,3,0
175.73,56.75,49.73,2560.17,2,1
58.65,81.39,7.45,549.97,3,0
203.86,36.92,42.16,1276.81,4,1
64.23,46.41,38.31,2951.76,1,0
29.75,25.63,31.63,291.15,8,0
62.1,51.56,24.75,2519.36,8,0
126.82,70.15,39.07,1484.2,7,0
52.84,82.86,38.29,332.97,0,0
40.41,62.44,11.17,2857.47,4,0
258.08,68.01,40.67,1647.69,7,1
96.12,33.3,8.54,2641.92,3,0
108.23,22.79,27.52,2607.32,2,0
16.58,79.38,34.03,43.9,5,0
107.21,32.53,41.98,794.52,0,0
79.44,26.84,25.84,1010.76,5,0
183.15,90.32,15.66,1604.59,4,0
61.62,92.26,27.08,215.6,6,0
266.51,66.22,16.26,1166.9,6,1
278.9,48.4,28.79,2443.91,4,1
29.95,82.49,25.81,519.57,5,0
32.22,35.35,40.12,2103.83,0,0
34.6,52.2,15.8,1380.99,8,0
185.87,46.78,14.0,212.12,0,0
36.59,88.45,26.34,532.12,8,0
255.71,88.98,7.27,423.09,8,1
226.28,68.82,15.32,1859.15,6,1
245.94,28.31,20.92,261.97,6,1
157.82,56.16,26.94,2469.14,0,0
299.0,38.4,17.12,2419.98,8,1
13.25,86.37,30.23,240.19,4,0
120.38,30.38,44.53,2664.59,3,1
97.18,24.07,29.47,2877.48,6,0
284.59,72.83,17.91,130.4,4,1
173.06,54.0,7.79,2850.99,3,0
241.86,82.88,11.15,838.39,2,1
51.1,25.6,30.25,1994.29,1,0
293.59,80.08,35.77,524.45,8,1
149.59,22.8,7.24,2452.37,5,0
148.1,22.11,13.35,2525.74,2,0
291.27,54.6,19.36,2935.02,6,1
114.22,36.6,19.39,2977.6,6,0
119.26,64.53,48.13,227.57,1,0
175.43,21.94,14.17,1973.89,1,0
38.42,22.65,7.81,819.14,2,0
96.33,74.54,20.89,376.73,0,0
57.96,35.76,11.05,446.39,7,0
30.99,69.23,10.7,2809.31,1,0
259.84,76.24,23.34,2050.95,7,1
176.8,24.45,18.79,151.38,4,0
107.6,77.73,9.13,2952.69,1,0
122.6,40.13,32.19,2423.44,7,0
129.46,49.22,27.58,927.54,1,0
189.94,26.5,8.47,1412.6,8,0
278.03,82.9,43.82,2179.73,0,1
279.83,62.05,17.81,2028.1,5,1
117.45,57.85,48.26,1389.24,2,0
98.78,92.64,46.92,1537.17,4,1
135.31,45.09,24.53,129.62,7,0
170.38,86.81,15.29,1501.9,7,0
138.55,73.98,42.57,1020.74,2,0
197.63,89.64,21.26,855.15,0,1
166.32,88.09,12.36,808.87,2,0
96.21,94.33,29.82,1946.84,7,1
103.72,29.88,27.02,1287.77,4,0
113.58,79.7,43.25,1277.41,6,1
28.39,80.34,37.82,477.56,4,0
49.82,68.33,44.43,2885.59,4,0
216.93,40.91,38.06,671.78,0,0
116.73,92.39,33.9,1218.33,0,0
64.36,35.33,27.51,570.61,6,0
168.8,57.47,49.44,2109.43,1,1
226.66,59.11,48.16,1308.39,3,1
77.23,32.14,43.2,1240.95,3,0
248.04,74.19,39.89,2625.28,5,1
278.25,26.67,30.99,2278.44,8,1
179.22,71.98,16.69,1559.63,6,1
200.68,83.65,44.39,1405.77,5,1
15.77,46.2,5.49,2879.7,7,0
283.66,73.21,15.23,2869.39,4,1
117.75,31.76,23.17,2114.31,1,0
277.17,83.45,31.38,2280.44,4,1
173.69,91.4,30.24,2697.28,8,1
1.39,31.45,12.91,2892.93,7,0
11.56,71.89,9.72,246.82,3,0
204.13,57.94,15.0,2992.02,2,0
168.8,59.86,20.69,2109.07,8,1
7.96,72.99,5.63,1778.23,0,0
223.04,56.66,36.16,1239.5,8,1
255.64,65.02,16.15,1009.17,6,1
148.93,37.32,20.81,2412.63,7,0
139.73,48.39,20.07,1963.31,2,0
1.64,84.89,28.03,602.12,5,0
235.99,28.24,43.69,1829.73,2,1
99.21,64.82,11.72,423.5,0,0
263.63,33.82,20.33,1490.62,4,1
111.92,83.49,36.14,1750.37,8,0
169.52,63.43,6.99,1907.05,2,0
81.1,50.23,42.35,435.79,1,0
48.18,38.74,48.28,286.8,8,0
232.47,52.76,32.34,776.12,8,1
148.98,91.82,48.04,1821.09,7,1
160.95,58.19,23.59,2795.05,8,0
289.62,55.21,23.68,2337.37,8,1
289.07,75.97,9.78,2237.13,8,1
256.69,48.43,6.6,990.7,8,0
56.28,52.06,16.0,335.12,6,0
178.28,45.27,26.52,2675.82,2,0
263.44,31.32,27.85,1502.56,4,0
112.34,73.54,14.79,301.53,3,0
30.33,85.48,32.58,1604.91,4,0
243.29,87.92,13.15,2026.23,6,1
144.53,86.06,19.68,959.7,2,0
169.32,53.88,13.81,27.75,0,0
294.64,41.3,36.35,1864.82,5,1
182.16,67.84,28.25,120.29,8,1
127.49,91.6,38.12,1298.38,7,0
111.0,74.53,7.58,2474.33,0,0
125.29,57.11,24.14,2996.54,5,0
35.52,71.66,48.51,1110.91,4,0
238.43,77.94,7.41,60.38,3,1
251.32,88.95,23.83,1478.71,6,1
85.32,77.24,6.82,828.83,3,0
91.14,52.49,11.6,2678.33,8,0
262.3,40.52,25.81,2134.51,8,1
7.19,57.49,12.09,1212.97,5,0
156.14,44.61,28.34,2286.08,4,1
139.1,90.71,46.52,1023.62,5,1
207.04,58.1,14.02,1565.29,8,0
49.02,55.4,9.82,2768.36,2,0
200.5,46.11,42.14,600.47,7,1
113.02,67.96,25.71,939.17,5,0
185.61,59.0,44.72,2656.78,0,1
12.03,29.68,18.78,1385.64,6,0
138.52,85.19,33.24,953.67,1,0
156.68,46.93,46.55,111.9,4,1
64.3,52.44,12.73,1256.86,8,0
41.89,35.43,41.03,1501.8,7,0
56.54,61.5,33.42,1219.0,6,0
103.24,72.65,41.58,832.38,0,0
29.04,86.09,12.68,1107.39,7,0
284.2,23.87,24.53,1927.33,3,0
121.5,93.0,10.8,2673.84,0,0
242.69,72.79,48.2,1949.03,8,1
292.33,41.32,7.82,1938.49,1,0
24.22,35.34,7.95,2450.62,2,0
195.5,42.21,45.42,495.43,1,0
261.42,85.68,18.53,903.29,5,1
190.27,41.85,31.87,151.77,7,1
128.71,54.71,17.94,1048.91,4,0
129.32,72.93,34.19,2996.47,7,1
10.77,85.4,13.66,987.94,8,0
160.38,69.39,25.65,2579.32,7,1
298.06,76.48,29.01,257.33,1,1
287.61,33.0,20.01,1379.14,1,1
12.12,85.81,16.33,1054.39,2,0
211.74,40.68,11.31,604.75,5,0
90.53,29.63,36.78,1117.52,7,0
270.9,93.22,12.57,1953.83,2,1
13.53,35.12,18.15,1470.92,5,0
280.76,30.25,20.16,2533.0,1,1
251.24,66.95,25.45,2714.84,4,1
35.25,43.91,36.62,1445.68,7,0
17.95,30.0,24.26,2945.18,3,0
250.41,65.08,44.2,216.06,1,1
46.73,76.92,35.59,829.02,3,0
160.47,79.49,42.73,1250.13,6,0
274.72,31.66,37.24,1748.1,8,1
170.23,61.77,11.69,1637.79,5,0
119.17,81.03,49.01,1703.93,6,1
133.5,32.08,40.4,2688.75,3,0
18.94,35.58,30.77,832.7,8,0
290.63,20.18,12.44,2450.56,7,1
93.2,59.35,12.77,1674.0,8,0
56.81,34.6,32.64,1471.47,7,0
85.81,74.32,23.73,898.24,4,0
289.31,92.17,35.41,912.21,8,1
28.29,35.66,21.76,1165.44,5,0
260.19,68.68,28.08,2290.53,5,1
212.35,35.89,13.46,1430.2,5,0
249.01,21.35,11.98,461.5,1,0
292.77,76.89,8.4,2279.59,7,1
252.65,52.55,41.88,1990.14,3,1
283.01,91.01,29.99,2847.72,5,1
38.08,60.07,47.62,1588.24,7,0
238.74,31.81,38.73,1963.27,1,1
163.7,53.73,39.59,1437.99,2,0
163.05,35.22,27.91,2042.34,8,1
269.68,85.85,41.7,1308.35,3,1
291.54,71.82,47.39,413.57,5,1
211.45,45.59,37.48,2960.05,5,1
144.88,59.59,9.75,2161.09,7,0
136.92,70.21,34.3,1825.88,4,0
115.9,78.71,10.42,1444.26,3,1
108.48,26.01,8.48,2134.29,0,0
117.45,21.69,36.18,380.32,4,0
26.93,28.58,42.57,978.34,5,0
23.23,49.62,12.15,374.1,6,0
233.96,55.0,8.34,378.08,7,1
133.82,30.23,44.89,64.04,6,0
279.21,50.84,10.95,2267.68,4,0
183.67,53.12,6.58,681.93,0,0
10.55,28.18,37.45,2496.02,2,0
47.26,88.75,43.15,2713.3,3,0
61.75,64.94,28.15,505.7,8,0
292.72,49.14,29.3,2126.59,6,1
65.61,58.02,20.16,1380.92,8,0
154.73,43.56,15.73,2756.88,8,1
280.85,84.07,38.99,1453.25,1,1
293.16,63.13,43.22,1136.62,0,1
70.91,57.12,19.46,883.7,5,0
14.74,88.32,17.32,2710.86,2,0
46.08,82.85,17.05,678.54,7,0
19.0,80.96,7.28,2483.14,4,0
58.54,36.92,17.65,582.56,0,0
170.57,31.48,6.15,1930.19,2,0
273.73,71.76,40.48,1353.2,3,1
161.17,55.15,16.52,313.83,0,0
187.8,71.28,36.06,377.8,2,1
60.56,77.05,29.44,844.53,4,0
240.18,42.15,42.69,2299.96,8,1
185.34,41.35,48.22,2186.82,5,1
259.24,56.81,21.53,615.36,0,1
284.65,40.52,8.98,1428.61,3,0
104.37,70.05,38.73,290.96,6,1
27.17,76.0,5.96,2147.84,3,0
67.78,55.4,15.03,2379.91,5,0
131.35,74.28,7.4,2680.54,8,0
283.71,58.28,45.42,2657.24,1,1
113.49,73.47,5.24,1013.68,4,0
231.23,36.87,27.17,763.6,5,1
162.14,75.41,24.08,2689.77,7,1
54.84,73.63,34.37,438.02,7,0
96.22,40.0,18.04,178.03,2,0
195.96,61.7,44.32,942.73,4,0
201.86,84.15,38.05,2280.9,7,1
130.43,38.71,24.45,2082.6,7,1
68.59,75.2,21.11,2961.17,7,0
216.57,91.55,41.71,1078.6,6,1
50.66,84.97,39.07,827.54,2,0
281.0,50.11,22.96,1134.62,3,1
56.37,65.54,20.36,2346.77,5,0
32.19,94.38,6.75,642.9,2,0
149.29,62.63,8.68,2843.24,6,0
155.86,28.63,7.43,1537.65,4,0
152.46,23.41,6.1,2349.43,3,0
131.0,79.27,11.88,2481.79,3,0
298.44,51.77,43.57,1436.45,6,1
145.88,38.51,40.92,2224.11,4,0
143.38,46.08,43.05,1094.08,2,0
126.53,76.8,33.07,2432.78,3,1
20.05,54.89,33.08,2471.71,4,0
177.89,85.14,10.58,1698.62,5,0
68.39,75.12,36.45,654.44,8,0
191.28,93.05,17.6,2910.67,3,1
15.25,86.64,28.37,2840.94,1,0
294.42,39.09,47.96,1859.46,8,1
140.7,69.43,44.18,2951.64,1,1
269.03,21.54,15.49,1508.39,8,1
142.67,94.33,38.15,1126.45,1,1
18.1,39.58,9.68,1381.51,3,0
246.66,69.86,6.2,137.72,8,1
194.46,83.69,6.27,1647.37,1,0
234.53,32.03,12.66,1998.7,1,0
128.45,83.59,36.27,328.56,5,1
191.38,20.92,21.35,766.79,1,0
256.87,53.15,5.72,2163.55,0,1
189.32,55.4,49.46,2380.77,6,1
104.3,48.06,29.0,2957.6,8,0
198.76,63.98,22.72,759.67,6,1
201.56,88.61,28.35,2524.32,8,1
288.18,44.52,28.4,516.31,4,1
111.27,63.44,26.16,392.64,5,0
127.52,85.81,32.58,2187.61,8,1
243.64,77.97,44.85,1337.62,4,1
151.73,23.05,18.58,2381.77,0,0
220.97,90.71,26.91,847.69,2,1
137.91,23.5,5.16,639.58,5,0
64.65,64.16,43.69,1646.4,7,0
223.56,63.15,18.77,345.93,5,1
39.35,78.98,17.21,836.25,3,0
59.58,31.13,49.89,498.71,2,0
188.05,33.45,31.3,960.14,6,0
224.18,76.41,10.54,2296.5,8,1
268.41,31.21,16.95,362.23,2,1
81.78,55.21,20.9,1835.61,4,0
33.22,74.87,49.37,1754.3,3,0
286.81,68.84,24.38,1614.39,2,1
46.33,35.8,15.36,1452.74,3,0
59.3,42.8,30.64,1991.58,0,0
87.4,92.67,23.21,2555.43,4,0
158.82,53.65,7.47,486.11,0,0
264.85,23.33,43.74,2442.39,4,1
228.16,36.47,5.71,184.43,8,0
212.45,45.68,45.43,1446.37,1,0
52.55,94.96,40.63,1534.4,2,0
107.3,42.7,8.41,592.76,6,0
143.52,21.98,37.56,269.02,8,0
44.23,58.47,39.69,224.73,8,0
82.03,26.27,32.1,111.7,1,0
92.5,40.56,31.0,1720.78,2,0
38.18,94.43,7.24,466.42,8,0
165.07,72.85,7.68,2426.11,4,0
211.51,23.8,37.73,2696.86,7,1
20.98,53.65,9.75,877.22,0,0
144.34,32.87,15.88,493.4,1,0
234.66,29.22,27.45,1228.84,1,1
224.4,64.03,12.39,2644.71,0,1
244.52,57.92,40.54,1199.46,8,1
134.47,75.71,41.33,325.01,7,1
246.17,86.92,42.9,2954.0,3,1
72.23,38.5,7.23,1499.03,0,0
108.24,89.22,24.25,1027.11,0,0
52.91,58.85,43.11,2680.86,2,0
140.25,39.41,21.34,2782.21,6,0
117.62,83.43,36.31,1490.41,7,1
72.28,22.66,31.52,920.15,4,0
225.53,61.96,20.62,1447.9,8,1
94.15,74.12,17.44,657.85,8,0
81.84,41.0,34.37,1434.71,6,0
39.27,84.76,11.01,688.29,0,0
131.65,38.02,43.71,1866.61,8,0
90.89,82.99,30.94,2279.67,8,0
110.78,25.89,10.02,2908.28,5,0
70.8,31.99,36.66,2527.71,5,0
228.95,48.57,24.4,258.4,7,1
279.0,84.05,14.18,634.57,5,1
149.38,30.84,48.25,1595.08,3,0
192.9,85.66,37.38,772.77,6,1
260.15,37.23,31.68,43.1,7,1
299.65,53.94,43.2,2264.37,1,1
184.05,46.46,29.47,1073.32,6,0
266.93,28.86,24.87,198.3,1,1
272.58,90.82,13.53,1526.51,5,1
237.44,52.86,11.9,2931.63,0,1
138.28,71.77,24.44,2035.62,8,0
24.35,63.15,25.52,476.3,6,0
4.74,57.63,38.0,1542.89,4,0
143.16,66.24,24.89,2705.17,4,0
148.29,87.38,31.69,162.73,5,1
122.21,72.45,42.46,1913.68,1,0
170.45,59.94,49.7,2163.82,4,1
165.65,68.39,19.51,2112.04,6,0
250.98,65.48,45.59,450.51,2,1
32.6,52.48,41.27,2721.84,4,0
67.55,66.86,8.06,966.81,2,0
237.9,53.27,20.04,155.23,1,1
254.35,76.82,14.86,249.66,8,1
298.45,92.67,34.9,1372.73,5,1
261.87,91.99,29.99,119.95,3,1
266.97,81.56,27.27,2338.66,3,1
94.3,65.13,39.36,2597.47,6,0
120.5,76.2,20.0,40.12,0,0
80.43,33.35,22.22,2430.04,5,0
181.89,55.93,43.95,2943.62,2,1
281.64,39.3,48.75,91.1,8,1
103.39,20.26,39.94,2174.9,7,0
167.1,92.51,14.77,2997.28,6,1
88.89,84.79,10.07,2391.36,1,0
50.94,58.53,14.41,1516.07,0,0
58.56,39.06,24.02,2654.47,4,0
17.38,71.97,15.65,2123.8,3,0
284.79,52.61,45.55,877.35,6,1
120.86,80.25,35.18,672.96,6,0
250.24,94.96,23.75,1537.63,3,1
204.4,46.18,17.32,1118.97,1,0
57.58,38.33,22.13,988.4,2,0
52.64,40.05,26.42,533.77,4,0
243.6,27.0,37.12,2535.86,2,1
79.41,49.55,9.02,2115.04,2,0
273.99,21.31,43.2,993.96,2,1
42.02,28.58,10.74,713.0,0,0
203.31,40.38,16.81,384.41,5,0
244.34,31.99,49.71,337.54,8,1
70.58,74.91,13.56,1876.43,8,0
82.86,27.92,9.55,326.45,8,0
289.36,84.95,33.73,2880.64,5,1
79.38,36.58,22.69,837.41,6,0
128.99,28.14,9.13,77.41,0,0
129.75,20.76,5.17,2565.99,1,0
75.91,73.64,8.56,1102.76,6,0
232.74,39.25,28.52,1028.9,8,1
231.55,58.21,15.39,355.86,8,1
113.5,28.37,39.99,1981.27,5,1
250.54,93.9,43.59,1076.38,0,1
63.92,29.4,11.52,2468.98,8,0
1.29,50.89,20.17,1891.85,2,0
171.35,83.87,11.6,2639.74,0,0
298.22,38.37,17.9,1867.68,6,1
11.59,40.02,15.76,2337.83,1,0
62.4,80.64,40.41,2089.62,2,0
155.67,40.5,20.55,1387.78,6,0
242.98,20.22,27.3,2066.02,8,0
26.71,52.09,35.33,1990.85,8,0
118.57,20.94,42.0,20.11,1,0
224.12,88.23,18.55,2095.91,1,1
111.46,68.14,14.41,786.48,7,0
56.65,63.73,49.03,1625.47,2,0
58.65,35.12,19.41,334.0,0,0
123.01,72.5,35.2,69.07,5,0
143.83,70.79,35.5,45.36,5,0
258.54,24.53,28.13,474.58,8,1
192.68,86.06,15.28,59.68,4,1
207.12,63.46,11.37,397.19,7,1
294.9,79.44,26.92,1677.52,4,1
123.55,39.72,27.99,1200.82,8,0
121.01,29.15,39.8,2942.24,4,0
277.0,72.68,36.94,2426.08,6,1
73.76,79.54,46.04,440.33,8,1
218.94,48.95,48.69,1250.37,7,1
226.37,21.78,37.75,1292.91,3,1
29.34,81.37,8.44,1086.35,4,0
140.47,35.46,23.23,1486.77,5,0
60.17,45.43,32.4,2009.62,1,0
55.61,67.12,31.56,1922.67,2,0
139.15,27.5,13.16,1071.3,6,0
86.83,25.4,31.23,2115.14,0,0
238.82,21.93,20.74,868.46,5,1
272.28,88.75,20.25,2506.4,4,1
240.82,43.35,42.53,2893.12,4,1
79.81,69.55,23.99,884.21,7,0
82.24,94.19,28.73,2354.07,2,0
76.42,70.21,30.33,2440.28,7,0
40.51,59.38,30.33,1472.29,7,0
283.14,59.07,14.59,263.24,8,1
120.61,48.27,31.98,2358.55,7,0
67.41,64.98,20.06,1222.43,4,0
254.0,91.91,34.48,624.21,3,1
119.76,79.1,11.56,1879.95,7,0
10.54,51.82,49.74,1310.81,8,0
48.58,44.93,39.74,262.72,2,0
191.78,86.26,23.78,2951.02,3,1
234.87,30.18,18.56,733.99,4,0
63.28,83.72,22.45,1532.9,0,0
275.22,39.13,37.45,2001.86,2,1
255.3,73.67,34.49,345.27,1,1
254.51,80.47,36.59,2218.23,6,1
68.3,55.77,45.0,1944.87,4,0
15.16,34.42,25.53,1481.26,5,0
260.23,83.36,35.13,1584.99,0,1
91.74,47.56,24.87,2864.39,5,0
185.67,44.05,33.71,2732.69,6,1
227.99,58.25,26.37,335.95,6,1
38.49,52.63,39.95,1106.26,7,0
234.25,71.23,5.24,1550.31,1,1
281.55,30.29,14.71,2759.93,4,1
218.51,52.68,18.34,2449.69,4,1
132.37,86.88,47.54,1159.45,8,1
263.0,22.7,27.82,2658.63,6,1
158.24,54.3,21.4,1134.47,8,0
223.43,69.54,23.19,813.58,0,1
246.15,86.58,25.33,1829.68,4,1
224.81,64.53,44.05,1067.71,6,0
86.36,81.84,48.31,1867.22,0,0
35.35,36.7,42.99,1229.05,5,0
71.5,46.46,42.87,2387.31,2,0
150.86,90.66,13.96,2862.93,0,0
151.58,86.45,17.09,810.93,5,0
174.79,61.85,31.82,1530.03,3,1
118.53,55.66,34.53,2173.3,3,0
236.07,53.83,14.12,475.56,2,0
273.95,24.41,38.58,2387.72,6,1
74.02,86.93,14.0,1748.92,5,0
220.96,81.36,16.84,449.22,6,1
203.39,54.22,18.81,2604.69,7,1
156.93,40.96,43.07,1280.1,5,0
56.56,45.72,37.94,529.86,0,0
238.57,29.24,28.88,586.19,1,0
288.19,74.13,41.89,2356.52,8,1
216.55,61.75,41.58,2807.15,2,1
275.36,37.56,22.54,1134.75,3,1
295.26,66.73,40.16,236.48,3,1
105.62,93.44,14.28,302.47,8,0
191.47,29.18,27.65,1963.44,7,0
142.18,54.39,10.32,1112.26,4,0
295.99,57.06,24.21,1278.39,6,1
28.14,32.51,28.42,1011.14,4,0
123.71,59.87,8.6,1396.62,5,0
262.66,65.45,25.82,1930.65,8,1
85.22,31.8,34.33,1623.42,6,0
236.34,31.6,32.63,492.72,1,1
114.83,84.23,7.45,1473.87,4,0
293.99,43.35,9.29,1381.84,7,1
265.06,67.28,20.81,1637.21,0,1
90.4,67.01,42.92,332.01,3,0
231.06,82.94,44.14,460.58,1,1
101.06,75.49,18.93,1590.73,6,0
181.91,83.04,37.35,826.31,1,0
197.54,66.89,30.98,1887.1,5,1
248.88,53.71,49.25,1118.25,0,1
7.34,49.52,9.26,662.2,8,0
66.05,48.43,29.65,1969.18,2,0
213.58,51.38,31.66,1181.72,3,1
169.06,29.7,18.85,472.84,7,0
148.68,51.8,7.11,2426.43,3,0
16.56,49.21,7.34,1295.28,1,0
104.48,22.59,25.41,2745.21,8,0
259.53,40.63,36.16,580.2,1,0
9.27,76.39,36.51,2629.05,4,0
118.93,63.35,13.14,2447.73,1,0
283.54,80.46,43.61,311.75,6,1
15.26,60.7,21.97,1595.04,2,0
224.91,84.06,48.4,1961.05,8,1
77.28,79.71,10.32,1486.45,1,0
259.98,27.37,42.64,1170.79,6,1
223.82,93.28,45.88,2831.53,0,1
265.71,21.11,42.02,2102.46,1,1
64.78,64.76,41.4,2897.61,2,0
159.39,79.44,21.26,2538.69,7,0
233.78,44.89,37.1,2451.39,8,1
73.71,64.89,31.07,2176.9,5,0
69.22,47.16,24.1,1938.24,3,0
8.15,24.55,49.69,2660.59,2,0
287.55,20.63,18.07,1840.23,1,0
213.01,27.11,23.59,225.87,3,1
190.67,27.38,45.63,1747.69,4,1
223.2,65.82,18.01,308.51,6,0
159.48,59.44,11.87,2847.9,2,0
142.84,54.16,18.95,1940.01,0,0
134.86,71.89,39.17,1666.94,5,1
192.13,21.26,43.69,593.46,2,0
60.46,40.32,10.15,1547.3,3,0
266.42,78.3,32.98,1027.59,6,1
243.53,88.25,30.53,2026.16,8,1
104.87,52.88,35.1,1813.23,4,0
173.58,26.11,35.2,1497.92,8,1
42.31,79.9,48.18,758.22,2,0
291.7,86.39,20.59,1577.23,6,1
270.87,51.02,18.49,1385.09,8,1
276.57,38.25,31.16,2553.8,1,1
99.65,23.3,24.32,2683.01,6,0
50.74,64.33,26.32,2277.75,4,0
63.53,88.24,8.12,958.92,7,0
27.0,70.84,11.67,114.27,2,0
36.03,43.79,47.09,2776.01,8,0
21.39,68.22,8.07,2976.04,7,0
296.95,82.41,31.56,381.06,6,1
22.22,55.69,38.96,2056.85,0,0
39.76,81.48,5.53,1275.44,0,0
248.18,49.39,15.02,445.56,5,1
174.07,46.14,21.97,2994.3,4,0
232.33,63.72,27.81,2799.69,2,1
189.27,54.85,20.37,2947.83,7,1
264.65,93.28,34.2,431.69,4,1
191.54,58.73,15.19,1475.77,4,0
156.64,48.89,6.15,2687.32,2,0
213.82,49.62,5.07,2025.48,8,1
134.22,61.1,20.55,1303.81,3,0
103.82,46.62,21.27,1550.08,2,0
140.3,74.22,47.69,115.8,6,0
50.91,48.55,7.02,1834.55,0,0
238.97,48.81,28.85,2579.15,5,1
78.21,66.27,31.0,8.38,5,0
46.06,24.56,36.47,479.89,2,0
73.91,69.15,33.74,1553.97,6,0
252.62,57.87,5.37,1682.89,0,0
99.06,53.98,33.43,1030.06,8,0
205.81,73.94,19.51,83.8,7,1
256.92,76.87,39.78,2230.8,1,1
23.32,83.47,13.48,728.78,4,0
229.51,48.11,37.23,1933.73,1,1
92.3,44.53,33.15,1677.44,5,0
64.99,73.58,34.35,1292.51,3,0
206.67,63.64,12.92,1770.87,4,0
272.94,67.39,35.11,2085.12,8,1
88.51,61.66,38.16,1716.73,5,1
170.65,77.95,27.02,1672.58,7,1
86.95,34.25,20.32,1308.23,5,0
166.29,61.68,12.49,1290.1,4,0
186.56,31.86,18.05,1472.9,0,0
183.1,50.54,39.37,1356.23,0,1
187.06,69.8,23.42,1317.07,4,1
40.52,56.98,36.62,631.11,4,0
208.06,48.47,38.3,2174.51,4,1
202.43,86.37,35.34,398.86,7,1
204.78,77.96,35.31,2726.13,0,1
22.22,59.47,32.49,1874.54,5,0
134.05,91.25,28.33,146.7,6,0
122.71,51.83,13.9,1977.0,5,0
26.01,79.11,42.93,1084.54,2,0
66.71,32.6,48.39,2789.29,3,0
132.29,41.43,25.99,2808.23,0,0
222.87,45.36,47.0,2537.79,1,1
71.12,27.94,49.91,1703.55,7,0
248.92,57.64,26.88,2757.53,5,1
163.74,34.42,37.6,1949.42,7,0
228.13,67.56,33.97,2625.39,6,1
141.77,34.26,15.68,480.16,2,0
149.76,29.26,7.12,2712.54,7,0
185.92,92.68,25.4,1984.77,6,1
278.39,69.37,40.42,909.82,1,1
147.54,90.23,19.63,2993.44,0,1
158.6,56.74,40.3,2060.65,6,1
180.6,22.51,34.47,2725.25,6,0
221.25,63.08,36.3,16.76,0,0
21.56,61.87,17.86,1657.02,4,0
154.71,21.12,26.15,2137.6,8,0
144.48,84.59,13.18,41.21,7,0
276.51,66.5,16.1,2287.68,7,1
148.05,75.85,9.04,1954.34,3,0
140.5,57.04,10.7,824.28,1,0
288.66,66.38,14.47,2066.83,3,0
135.17,39.31,31.11,392.7,6,0
54.27,93.03,24.85,2472.11,7,0
65.07,50.05,17.01,2598.68,5,0
28.56,32.17,43.75,1456.43,0,0
0.17,24.19,28.63,1522.33,5,0
129.58,67.71,46.54,1206.16,1,0
230.77,93.75,33.57,1036.0,5,1
220.04,87.18,5.71,2618.69,3,1
9.64,72.66,46.11,914.62,4,0
170.99,94.29,43.59,1208.55,5,1
46.28,74.21,33.59,899.75,5,0
282.32,45.44,29.06,1970.14,0,1
50.21,65.09,25.38,2442.65,8,0
187.99,25.98,26.7,493.01,5,0
97.87,36.63,39.61,764.23,4,0
192.47,51.32,28.09,312.32,3,1
123.68,35.14,12.92,480.55,0,0
227.89,91.51,7.62,1220.64,5,1
69.2,94.67,10.68,2327.63,3,0
271.74,47.82,16.31,1624.85,8,1
150.06,73.19,21.55,159.83,5,0
226.83,50.58,45.16,1875.26,3,1
254.92,30.46,15.76,2385.91,0,0
299.65,45.27,19.38,1180.4,4,1
67.18,37.5,15.04,735.04,7,0
86.07,44.61,29.56,2291.81,4,1
75.13,36.13,32.77,71.72,5,0
78.86,28.43,28.95,2446.77,1,0
174.73,36.31,47.83,2412.78,3,1
298.06,87.93,49.79,2663.96,7,1
297.08,26.39,42.68,268.44,3,1
158.03,44.36,41.24,323.28,7,1
191.71,59.63,21.47,2618.26,3,0
257.99,46.59,31.09,1425.79,7,1
279.88,58.82,20.82,1177.02,5,1
61.16,23.26,40.3,1719.88,8,0
158.56,68.64,12.73,175.75,4,0
249.85,62.26,14.75,1931.15,4,0
90.96,71.07,6.74,2835.25,3,0
131.94,62.54,32.4,2027.16,5,1
295.69,52.84,35.98,1393.61,8,1
295.51,46.26,5.15,2882.64,1,1
271.83,36.98,27.99,2065.55,8,0
239.53,57.51,21.96,170.88,8,1
80.74,21.95,40.66,2010.14,6,0
96.26,44.62,6.75,179.09,5,0
164.18,70.84,7.19,921.69,7,0
168.23,28.15,32.91,1847.05,2,0
151.65,24.72,31.62,646.85,5,0
191.0,68.91,42.4,114.57,7,1
122.5,49.83,31.65,1853.86,7,1
224.75,80.14,47.72,857.57,5,1
100.06,90.3,19.15,1598.89,3,1
99.2,91.78,22.91,783.44,8,0
38.17,51.92,49.0,2059.29,6,0
56.61,39.82,9.84,2687.1,6,0
255.16,65.65,40.82,259.69,5,1
133.88,67.11,5.52,2358.96,7,0
68.36,66.68,26.89,468.29,4,0
227.8,44.13,11.9,988.23,4,0
166.19,24.78,31.95,1072.1,7,1
6.35,35.75,40.92,618.93,4,0
94.91,31.58,6.49,225.7,2,0
53.1,29.29,12.37,2305.46,6,0
196.76,89.47,20.42,2380.88,3,1
82.51,21.04,16.51,2990.5,0,0
19.48,65.14,22.24,2803.81,3,0
16.48,91.06,47.83,1303.93,0,0
174.52,47.0,9.55,400.16,7,0
6.52,59.53,24.05,32.1,8,0
254.64,72.18,25.57,1594.55,2,1
46.62,43.79,17.62,2581.7,8,0
181.97,55.82,17.53,803.71,6,1
133.41,81.28,37.16,596.82,8,0
132.86,75.9,32.8,1316.86,1,0
21.54,80.63,41.58,2680.6,0,0
240.83,94.05,23.23,1355.02,8,1
267.92,47.77,32.3,2168.14,2,1
3.31,76.03,45.21,1387.58,5,0
53.58,65.21,43.31,1118.88,8,1
271.17,70.0,46.4,1322.74,3,1
164.85,75.49,17.1,2305.2,0,0
45.01,76.23,49.34,2263.22,7,0
60.84,86.43,41.74,1295.27,4,0
198.0,46.2,40.77,802.85,0,1
217.45,69.01,35.04,417.38,3,0
179.83,41.02,49.25,4.11,4,1
285.94,64.59,24.87,339.77,7,1
148.22,76.34,38.37,493.97,2,1
90.08,79.33,36.45,2069.81,4,0
143.17,51.51,37.94,2453.75,1,0
107.9,58.15,38.82,2210.84,2,0
67.32,45.04,13.58,2169.7,2,0
13.79,32.68,20.71,2982.96,4,0
105.66,39.54,22.65,2887.79,5,0
213.42,88.41,38.66,806.54,1,1
5.53,43.17,37.23,435.3,0,0
131.75,93.11,42.5,459.89,6,1
193.2,38.11,40.48,2686.82,2,0
183.12,74.23,31.82,307.04,5,1
232.99,63.04,11.3,1020.43,0,0
243.16,72.27,33.6,1591.04,5,1
213.51,68.3,44.92,1840.35,8,1
30.84,73.01,33.94,1787.2,3,0
142.51,87.92,45.3,2359.22,5,1
181.02,62.26,49.96,1715.08,2,1
73.67,25.09,21.16,2553.14,2,0
12.77,40.31,37.55,253.89,0,0
67.08,73.12,29.3,2576.9,4,0
136.47,57.06,25.47,1770.01,8,0
124.18,61.14,15.79,668.8,1,0
53.0,64.74,16.07,2933.23,3,0
247.32,48.7,13.32,2819.2,7,1
277.71,78.04,33.42,2537.18,4,1
60.4,74.27,11.39,2734.79,6,0
278.87,73.57,24.41,1146.43,3,1
5.36,73.65,28.55,683.41,5,0
277.49,86.78,24.72,548.71,8,1
285.58,64.65,43.47,2621.28,5,1
3.62,92.53,24.94,2479.89,7,0
228.91,28.94,8.73,2942.82,6,0
291.06,67.4,49.65,2544.76,0,1
271.77,73.77,43.02,1897.1,1,1
291.21,55.79,34.7,426.85,5,1
165.1,41.62,39.03,494.54,3,0
23.45,61.25,10.77,1421.1,4,0
254.94,47.36,39.47,2303.39,4,1
184.15,88.18,14.35,519.83,7,1
184.42,46.76,27.0,2746.55,8,1
125.18,33.18,13.01,2051.37,8,0
171.55,63.23,38.92,936.93,0,0
46.07,49.7,16.07,2657.28,6,0
221.93,27.19,16.39,1795.89,6,0
22.51,62.36,9.92,2199.48,7,0
218.93,60.34,37.43,1156.33,3,1
254.69,32.99,18.31,1180.65,4,1
141.74,64.82,28.32,37.85,4,0
152.95,62.55,19.95,1613.71,3,0
93.66,78.02,39.86,2282.39,2,0
290.84,47.12,15.19,2906.47,5,1
219.94,38.66,47.34,2676.68,0,1
110.7,91.34,19.46,260.97,6,0
52.44,62.09,9.67,2941.56,7,0
65.87,22.04,15.81,448.44,2,0
139.18,81.55,8.33,123.34,1,0
282.77,34.76,26.09,2246.79,4,1
220.24,78.95,16.26,2717.66,7,1
64.57,72.89,44.87,2849.35,1,0
257.87,92.66,28.27,2474.93,3,1
113.46,92.42,15.5,614.72,1,0
255.52,40.58,25.31,462.01,7,1
72.51,77.48,13.82,176.91,7,0
185.6,43.76,13.04,1745.91,0,0
278.0,67.19,18.53,1461.66,1,1
77.37,64.83,9.87,327.85,1,0
207.88,24.09,13.49,1394.48,7,0
296.19,20.39,47.21,1701.97,8,1
45.18,24.33,35.01,2168.86,3,0
26.52,29.6,46.45,1242.59,1,0
202.26,39.32,16.56,955.06,5,1
101.92,88.02,43.57,1997.04,8,1
21.37,58.9,21.3,2052.67,8,0
142.59,79.77,11.49,811.29,4,0
226.13,82.87,41.21,59.47,7,1
85.54,75.12,7.68,2837.07,8,0
100.51,49.35,23.22,2265.86,7,0
253.71,84.79,41.87,603.31,4,1
156.02,75.65,32.77,1697.0,2,1
252.82,75.74,28.31,1784.84,3,1
133.92,87.62,20.91,377.97,3,0
285.89,64.9,8.38,574.97,8,1
195.24,59.64,49.59,2870.12,6,1
34.77,86.76,12.86,1524.03,7,0
265.53,54.08,16.49,574.33,6,1
146.78,80.87,15.62,2392.72,4,0
42.49,24.04,45.86,1411.72,7,0
45.81,20.1,39.37,1915.24,5,0
206.26,59.62,25.58,892.5,6,0
14.21,25.52,47.99,173.71,2,0
85.98,93.24,7.38,494.83,2,0
41.94,20.41,45.22,2919.11,1,0
132.32,73.86,7.72,1870.77,2,0
124.31,38.25,22.6,2493.26,8,0
156.56,92.57,7.43,64.56,8,0
83.89,48.62,49.95,2296.39,1,0
9.61,22.05,46.15,1454.86,4,0
184.32,22.02,31.32,1995.92,8,0
112.12,61.5,14.8,1074.62,6,0
195.4,94.0,17.45,1862.61,5,0
32.6,93.48,25.23,106.86,5,0
4.13,45.3,19.53,136.77,2,0
74.49,56.2,5.96,2396.51,8,0
136.96,27.53,34.53,373.4,0,0
118.22,59.16,32.6,41.95,7,0
243.09,64.98,45.69,2737.37,7,1
113.35,38.83,26.46,796.6,2,0
159.13,65.91,20.51,1747.15,4,0
178.05,87.48,28.02,2516.75,7,0
6.55,20.07,13.76,2237.72,4,0
154.54,37.17,33.15,139.88,2,0
103.45,35.74,39.65,1682.85,0,0
126.38,29.29,11.91,1625.39,3,0
30.09,32.46,19.33,1050.24,2,0
234.85,66.94,44.05,2260.69,7,1
282.72,27.7,27.75,2892.02,7,1
6.68,75.39,28.93,441.56,2,0
180.41,86.53,37.51,435.67,1,1
229.15,89.49,31.01,2204.21,2,1
85.44,69.51,8.13,1363.25,3,0
236.27,34.8,41.18,2385.66,6,1
189.71,26.4,46.53,423.23,1,1
278.75,37.4,7.4,119.57,8,0
294.3,92.15,10.46,2093.8,6,1
12.7,92.18,36.59,2984.13,1,0
133.48,48.64,32.2,284.39,2,0
164.1,44.43,22.21,2593.01,6,0
44.02,58.25,29.27,1155.87,4,0
100.89,41.88,36.65,50.37,4,0
296.29,93.47,27.7,1530.07,0,1
4.87,36.59,11.31,836.56,3,0
135.75,47.69,9.02,2080.21,5,0
252.8,52.2,24.75,863.49,6,1
97.17,29.38,46.53,1445.1,4,0
143.94,48.71,30.1,601.7,4,0
293.41,84.25,21.12,2484.31,1,1
142.46,30.53,45.89,2776.29,7,0
39.28,63.8,22.49,1210.01,6,0
15.52,50.5,27.91,1346.64,6,0
283.62,32.79,10.24,2948.05,6,1
79.74,20.93,38.18,426.35,8,0
151.22,40.5,36.51,2425.86,7,1
27.21,24.64,40.74,1701.84,7,0
127.1,48.26,19.63,2642.2,3,0
279.03,80.77,24.62,877.29,0,0
150.72,73.98,12.58,888.47,0,0
291.34,91.05,48.4,977.46,7,1
77.65,52.03,8.87,49.89,8,0
151.36,73.09,34.21,509.68,5,0
257.86,69.9,36.74,2983.76,6,1
134.48,36.28,12.1,746.85,0,0
83.85,42.77,21.44,59.75,5,0
256.64,59.74,6.94,835.62,5,1
116.97,79.75,30.05,1225.17,1,0
159.22,54.64,49.77,1643.36,6,1
292.96,37.08,24.34,205.7,3,1
55.94,94.51,49.55,2371.29,1,0
90.42,28.67,10.68,2476.5,6,0
9.32,91.69,22.66,639.48,3,0
117.55,80.68,45.59,2395.25,4,0
60.06,82.92,44.45,1084.28,4,0
204.01,79.62,19.56,1269.33,5,1
54.4,35.61,35.54,2809.16,3,0
202.44,67.44,44.88,2675.71,7,1
79.04,76.76,39.51,1125.33,7,0
106.57,75.93,33.28,1464.33,4,0
104.66,40.37,11.87,859.57,1,0
215.03,33.58,8.29,1546.3,2,1
139.95,44.61,32.66,2045.72,6,0
108.39,55.99,27.51,278.0,2,0
255.79,63.03,15.71,2759.52,7,1
171.59,82.77,18.17,2156.62,5,0
64.15,77.68,22.64,290.26,4,0
270.03,70.71,27.3,2606.97,1,1
102.8,39.76,22.56,2231.05,4,0
11.69,55.92,22.43,939.38,6,0
148.38,45.16,10.21,1564.3,1,0
37.18,37.62,43.95,2580.39,7,0
71.54,20.77,32.41,2904.38,1,0
224.13,45.46,11.57,843.23,3,0
39.23,39.21,24.07,1951.67,4,0
242.08,62.89,23.75,2580.74,6,1
281.07,24.67,32.03,2964.5,2,0
181.96,40.29,32.4,212.16,3,0
213.11,23.36,34.03,1510.87,7,1
214.08,68.11,36.41,2621.0,2,1
297.84,62.61,9.65,9.47,5,1
102.46,45.31,18.72,1311.71,3,0
48.86,31.05,5.78,1752.6,0,0
155.75,91.84,25.46,1579.47,4,0
159.97,63.83,24.32,2198.32,3,0
53.37,70.93,38.04,196.57,2,0
183.93,59.85,12.52,2356.25,7,0
4.24,80.49,33.42,849.51,6,0
278.3,87.23,18.8,2472.69,2,1
79.37,48.7,22.19,1258.46,4,0
11.87,71.75,37.37,128.76,6,0
32.47,37.24,8.22,2891.74,0,0
72.07,68.89,20.43,2341.65,0,0
82.17,49.94,22.61,1043.45,4,0
9.84,20.51,37.21,810.08,8,0
83.81,91.66,13.97,1766.89,8,0
57.88,85.13,47.63,2961.88,4,0
113.59,41.81,49.9,870.5,6,0
115.55,94.83,41.85,2844.81,4,0
101.7,43.78,18.49,991.16,8,0
98.38,54.41,34.87,2112.29,5,0
26.92,83.84,8.74,1145.2,8,0
7.56,42.84,44.21,255.16,3,0
60.63,53.79,28.22,2808.57,8,0
226.99,69.92,12.94,491.78,6,1
297.24,29.79,19.73,2834.07,6,1
278.56,51.68,41.03,309.92,0,1
151.27,43.21,44.16,800.84,7,1
159.55,70.76,28.39,2762.77,1,0
94.37,30.2,26.61,1975.62,8,0
232.18,37.45,38.78,568.45,1,1
229.43,73.35,42.18,1776.28,7,1
253.28,31.72,39.42,541.17,5,1
268.65,51.65,22.3,2623.33,3,1
130.3,73.47,33.89,149.49,8,0
230.06,77.41,43.58,1589.33,3,1
241.92,27.12,11.83,190.42,0,0
92.54,83.9,22.47,2085.07,0,0
278.77,74.3,7.55,2807.39,7,1
28.3,45.45,23.4,2493.2,3,0
298.28,77.29,39.75,1115.18,7,1
231.03,74.62,13.87,710.71,0,1
27.98,65.07,29.38,363.08,0,0
196.87,61.89,6.65,2620.87,8,1
10.25,75.1,45.39,243.33,1,0
231.06,94.94,41.9,1886.49,6,1
239.77,63.39,28.6,1101.8,3,0
180.72,80.65,36.76,2987.33,4,0
257.06,75.82,9.68,1526.47,1,1
29.36,84.19,43.03,1646.37,2,0
82.78,91.59,37.19,2753.67,6,0
124.25,34.48,10.4,2908.91,4,0
12.74,32.41,49.13,1750.91,4,0
134.46,63.98,6.01,2388.55,8,0
79.56,53.7,33.28,1904.3,3,0
117.82,62.8,12.73,1282.2,7,0
127.53,79.85,37.37,171.95,6,1
263.82,89.88,8.17,2153.23,4,1
81.1,51.31,8.65,2100.79,2,0
268.12,73.84,25.98,350.11,3,1
127.79,34.76,49.73,690.21,7,1
98.34,60.09,17.44,2196.38,2,0
150.75,21.64,32.56,449.14,5,0
125.32,57.78,28.34,2072.81,1,0
77.21,60.9,42.9,2153.93,3,0
150.8,75.16,17.99,1060.03,8,0
45.54,68.71,29.97,774.55,4,0
105.58,46.88,47.78,1119.12,7,0
169.74,20.43,19.97,1077.59,2,0
124.02,28.66,24.77,1821.06,6,0
247.17,92.98,45.0,2231.54,8,1
77.02,89.17,19.96,2585.26,8,0
290.93,44.38,22.13,89.98,3,0
235.42,39.41,18.69,2179.65,6,1
290.28,52.73,41.43,942.56,8,1
251.44,71.75,46.87,2515.93,7,1
42.63,46.76,33.4,227.15,8,0
157.94,25.05,33.06,1653.52,0,0
50.99,50.21,22.55,1646.02,4,0
245.47,39.54,5.56,979.53,7,1
175.25,44.37,12.83,2910.92,6,1
79.03,32.22,11.63,320.77,1,0
278.88,69.41,10.21,409.19,5,1
34.56,59.5,34.43,1932.78,1,0
169.16,40.31,11.14,1542.9,0,0
216.31,61.54,8.85,793.4,1,0
17.65,56.95,22.22,912.82,8,0
179.36,79.7,16.21,471.07,2,1
244.77,91.7,11.56,2603.29,4,1
20.26,29.8,11.58,1708.56,2,0
153.67,86.29,16.53,734.5,8,0
77.57,72.86,29.16,1180.26,8,0
198.88,71.94,39.11,2720.06,5,1
35.6,48.07,43.37,2660.52,7,0
281.12,45.79,38.81,207.32,0,1
268.42,20.42,33.27,1962.3,8,1
55.79,93.67,45.84,458.91,3,0
96.98,65.49,28.39,632.65,3,0
176.29,50.17,33.5,2592.62,1,1
215.42,60.78,23.52,2685.57,7,1
132.8,23.04,19.73,248.08,1,0
46.89,33.02,19.93,2621.77,7,0
31.25,66.75,11.67,2185.48,6,0
299.93,58.57,40.85,2327.13,6,1
136.61,79.03,7.49,2375.45,0,0
261.76,69.41,35.36,1521.7,6,1
144.71,65.11,43.9,2840.72,8,1
276.71,81.14,27.38,601.08,3,1
26.33,25.12,8.16,1514.9,4,0
34.21,71.82,24.28,955.66,1,0
278.89,73.67,20.45,2467.29,4,1
284.25,40.64,49.35,248.1,6,1
94.42,34.67,36.11,1301.04,2,0
106.55,36.04,37.46,2320.43,6,0
135.74,34.86,28.21,937.02,0,0
124.85,59.28,36.92,721.43,6,0
57.01,30.17,37.52,787.65,5,0
269.51,69.45,7.99,2140.77,2,1
75.99,27.88,15.02,860.35,3,0
211.58,22.02,5.58,1208.05,2,0
20.15,43.95,27.94,1637.0,5,0
11.63,34.39,44.41,2822.28,5,0
196.12,94.15,32.43,2383.04,5,1
101.7,42.72,27.51,555.84,1,0
196.64,36.65,46.67,2649.25,1,1
28.21,34.76,12.75,2534.3,7,0
284.96,48.04,8.36,2235.67,4,0
224.55,65.44,46.28,1550.72,3,1
262.88,78.65,45.63,209.44,2,1
40.94,47.34,35.73,2134.52,8,0
96.05,66.95,16.07,1555.03,2,0
110.5,56.15,48.64,929.32,6,0
161.15,83.49,39.44,29.81,6,1
89.06,62.68,35.33,693.15,2,0
18.19,41.74,15.03,1817.07,0,0
110.66,72.77,28.09,336.92,2,0
76.36,81.5,42.02,1966.26,2,0
115.78,54.91,43.71,2459.02,6,0
59.09,94.04,30.26,954.54,4,0
78.57,85.93,28.53,245.96,3,0
188.09,34.77,36.4,419.1,4,0
116.45,79.01,28.77,1073.73,8,0
103.62,65.07,23.8,2440.3,8,0
160.17,60.11,8.84,1902.84,0,0
231.56,58.55,10.67,2603.66,7,1
113.66,84.01,39.21,2983.28,3,0
176.26,65.82,6.11,607.7,6,0
289.86,60.33,7.35,2084.46,8,1
156.59,23.66,45.71,1399.55,4,0
272.94,53.62,36.68,1480.43,5,1
238.1,88.1,5.19,976.74,3,1
17.62,73.38,19.04,1027.54,0,0
128.73,23.82,39.35,2028.85,0,0
209.5,86.3,23.79,1862.41,3,1
296.01,82.0,26.1,955.51,7,1
137.51,61.0,25.65,355.74,3,0
27.84,21.68,14.1,1734.72,3,0
168.6,62.18,37.46,2218.19,4,1
37.97,24.09,9.64,1675.87,2,0
225.46,44.03,27.83,10.95,4,1
152.3,67.17,12.65,846.95,5,0
217.03,88.47,7.09,2335.74,7,1
260.81,46.83,11.45,2227.64,6,1
188.68,84.5,44.12,31.23,7,0
183.73,88.88,12.93,1410.89,4,1
226.37,21.58,17.53,1311.95,6,0
252.74,37.96,11.21,1956.84,1,1
260.72,73.24,38.1,374.94,1,1
10.93,76.76,25.05,1864.25,8,0
166.86,49.43,47.46,2840.75,5,1
64.88,69.26,34.89,1115.25,1,0
258.1,65.91,28.91,1012.07,3,1
194.52,75.48,34.55,84.82,8,1
126.07,73.9,6.82,172.19,0,0
56.43,26.44,47.78,2794.72,3,0
101.71,31.87,48.04,2926.51,7,1
211.13,29.95,17.43,16.93,8,1
61.31,89.94,33.27,2702.04,3,0
28.07,88.52,14.09,521.88,8,0
266.41,79.81,29.64,1684.08,6,1
229.26,28.75,39.69,2034.42,3,1
59.94,63.07,47.29,1077.18,7,0
87.69,34.04,20.26,1586.96,7,0
291.62,47.63,36.21,1882.63,2,1
212.46,40.03,37.24,581.78,0,0
183.16,82.17,14.95,2982.77,7,0
92.29,30.83,33.31,611.65,0,0
89.74,68.46,34.49,31.02,7,0
11.86,93.79,39.38,2832.85,3,0
218.54,71.53,50.0,1287.38,6,1
12.95,25.94,6.81,1195.86,5,0
1.46,88.09,14.1,827.01,0,0
218.85,68.23,11.53,77.5,0,0
284.66,54.22,11.95,793.7,5,1
226.95,69.48,25.44,1179.9,4,1
141.49,85.93,44.53,1560.99,0,0
145.81,55.78,25.19,1372.93,8,0
130.84,59.85,35.08,2637.11,2,0
97.39,53.93,21.94,2733.99,7,0
156.51,25.44,19.38,951.46,1,0
129.35,79.03,42.54,2878.66,2,1
179.45,29.48,34.5,2594.8,4,1
269.44,49.59,20.79,2782.9,4,1
298.5,49.01,46.14,2118.99,5,1
23.62,41.0,27.43,594.82,1,0
115.41,50.19,13.47,585.68,2,0
54.21,66.35,26.74,2725.95,2,0
105.64,43.35,35.36,1521.14,3,0
86.24,32.94,21.52,2671.4,8,0
52.36,85.2,42.97,2161.64,4,0
229.22,92.81,28.99,637.54,8,1
148.89,54.39,26.05,1154.28,2,0
275.77,44.53,43.64,2903.48,2,1
9.78,23.56,25.83,58.75,0,0
20.09,22.76,23.65,2143.75,1,0
120.98,49.47,9.67,2936.34,2,0
24.08,89.77,21.31,312.44,3,0
78.82,74.8,22.87,815.98,6,0
295.81,46.2,13.13,1641.04,4,1
62.69,92.6,31.45,2531.29,6,0
59.44,52.16,11.47,1519.54,0,0
172.09,40.76,15.07,178.79,8,0
149.4,51.98,30.25,381.55,1,1
174.13,35.87,17.1,1127.83,0,0
113.02,86.42,33.79,967.62,3,1
248.03,47.09,36.07,659.04,5,1
41.57,69.35,18.56,2520.39,2,0
128.52,49.18,8.93,80.65,1,0
206.93,87.63,27.03,2488.03,7,1
260.47,68.18,9.18,2765.04,7,1
110.87,56.62,28.19,1890.33,6,0
170.32,29.91,37.68,1876.05,1,0
20.74,87.64,32.91,447.05,4,0
51.1,61.01,25.17,1704.95,6,0
20.74,41.38,47.56,1125.52,3,0
218.36,85.84,9.58,687.15,1,1
86.42,24.08,44.6,1749.99,7,0
217.12,43.56,41.01,3.57,8,1
19.92,60.26,23.89,829.24,1,0
258.76,45.49,11.88,1968.13,6,0
250.66,55.76,12.01,1365.12,7,1
26.68,39.82,46.48,436.92,4,0
7.13,29.76,15.52,3.95,0,0
16.89,22.76,44.34,811.32,6,0
256.09,31.82,27.65,1647.18,8,1
70.41,91.47,25.78,1603.64,2,0
164.48,63.16,32.88,393.22,1,1
127.87,56.67,14.68,1841.09,2,0
238.66,48.82,24.28,2996.77,7,1
146.67,73.13,47.23,1754.6,5,1
150.2,30.59,15.72,1582.91,0,0
296.73,40.71,46.47,1867.9,5,1
45.04,69.19,49.74,2639.01,7,0
249.21,55.93,7.34,2838.0,1,0
15.52,77.76,28.91,123.1,5,0
143.29,87.28,12.73,614.98,2,0
265.9,81.75,32.98,347.29,0,1
199.56,33.82,49.53,2317.06,3,0
205.56,26.86,45.36,136.69,6,1
79.0,32.71,46.62,2707.9,6,0
125.57,78.76,14.6,61.67,0,0
109.97,88.54,29.4,1807.64,1,1
156.43,89.41,15.57,826.73,4,0
138.67,42.37,45.47,1411.69,2,0
98.07,83.03,13.6,1325.66,2,0
91.64,60.22,11.93,2246.68,3,0
75.26,81.71,5.55,1489.93,6,0
109.51,61.13,13.19,1263.66,5,0
44.98,30.94,13.54,2190.83,7,0
261.63,25.94,8.49,2777.42,0,1
180.64,91.79,44.05,2381.77,4,1
40.14,51.94,40.1,2210.15,4,0
208.16,46.29,16.45,1463.17,6,0
254.3,46.72,40.25,2700.65,4,1
71.26,48.42,24.0,1458.94,8,0
45.18,90.87,39.9,2790.86,7,0
2.59,24.7,19.54,2408.77,6,0
14.18,28.93,30.41,450.78,3,0
228.68,79.22,22.17,140.98,2,1
296.16,61.21,13.45,2222.57,4,1
13.46,29.64,31.35,2057.52,4,0
224.42,22.58,38.79,1806.27,0,0
21.56,36.82,38.89,2928.72,2,0
177.64,39.56,21.03,1636.21,7,1
226.82,21.07,28.34,1043.7,4,1
107.76,36.21,39.37,1694.9,8,0
3.28,75.37,7.45,85.24,2,0
178.56,84.16,8.23,1737.79,8,0
297.37,87.37,21.93,2707.29,7,1
77.29,49.24,15.06,12.99,3,0
56.85,43.96,21.86,2535.91,5,0
37.18,94.99,9.22,2405.79,8,0
166.58,77.7,31.64,318.31,5,1
178.93,60.3,35.23,2540.49,8,1
237.68,39.11,40.63,2290.64,0,0
225.92,44.1,34.27,1473.14,1,1
267.76,58.65,22.84,735.64,0,1
241.73,60.66,47.07,864.3,2,1
74.18,21.03,37.68,1836.82,7,0
166.76,91.96,28.75,738.91,8,1
89.22,63.17,14.31,976.07,4,0
98.94,64.19,34.2,2792.52,3,0
279.58,35.86,31.63,2187.99,8,1
204.57,77.37,35.75,2208.22,5,1
292.38,75.29,40.15,2867.81,4,1
125.07,27.14,46.18,17.38,0,0
161.23,64.62,47.71,733.46,1,1
146.13,69.36,33.36,1973.92,6,0
32.19,82.67,48.47,1314.81,6,0
71.01,35.46,46.01,338.41,4,0
158.29,85.82,5.12,2343.7,6,0
20.21,54.61,33.69,141.22,6,0
279.44,27.24,13.03,1631.55,0,0
37.15,27.92,18.28,1687.39,7,0
59.39,34.84,18.39,1907.88,6,0
229.6,41.21,26.74,946.88,1,1
29.08,57.23,5.49,70.8,1,0
270.08,76.16,15.61,2666.95,8,1
217.71,34.0,6.31,2787.61,2,0
20.59,94.45,34.28,1445.97,0,0
207.55,32.11,45.02,61.92,0,1
189.49,64.95,49.9,1742.61,2,1
227.2,89.67,25.19,947.79,5,1
248.46,82.44,16.71,547.46,4,1
215.51,68.59,43.39,506.86,6,1
175.85,73.66,10.09,537.77,2,0
96.74,30.07,48.84,992.52,2,0
209.18,20.72,37.17,841.86,3,0
287.09,52.56,27.68,2509.27,7,1
176.26,26.71,9.35,1485.94,4,0
199.3,46.83,5.82,1282.94,6,0
131.14,36.78,29.5,437.5,0,0
226.84,88.73,23.62,2627.67,3,1
299.3,86.0,42.92,164.47,3,1
48.12,81.42,33.9,718.59,0,0
60.72,73.55,24.44,1864.42,2,0
161.83,31.56,15.17,2106.94,2,0
144.41,23.63,26.62,2403.47,4,0
171.47,69.04,12.33,1230.87,1,0
14.72,68.17,35.02,1040.22,2,0
121.28,47.71,32.26,865.65,8,1
174.89,55.45,41.45,1704.28,1,1
175.56,56.69,25.23,1045.91,7,0
197.2,37.99,17.54,984.28,4,0
216.06,43.56,42.64,50.67,0,1
192.46,51.38,36.09,2844.95,3,1
237.07,65.24,36.8,181.78,4,1
187.43,91.69,28.76,812.61,2,0
161.25,60.39,44.42,2764.26,2,1
181.86,74.84,15.25,2206.04,6,0
30.36,80.53,23.08,1734.42,0,0
81.95,28.51,40.83,1982.44,8,0
158.22,68.98,10.98,291.18,2,0
261.9,56.16,41.36,2425.94,3,1
203.72,62.93,20.87,750.32,1,0
27.12,22.88,10.65,2868.64,7,0
177.68,87.97,8.56,694.12,2,0
66.52,91.46,42.94,1876.09,7,0
220.2,20.26,40.04,1635.97,2,1
248.23,35.96,17.96,429.31,0,0
178.04,33.51,10.24,1088.78,3,0
177.41,78.6,16.13,2343.88,4,0
101.58,64.86,14.58,637.76,4,0
133.88,33.3,37.99,2888.57,8,0
259.23,81.05,14.7,886.45,4,1
217.0,46.51,14.72,1880.16,7,1
155.93,54.56,6.45,1856.6,3,0
110.47,49.05,31.86,1412.33,1,0
15.11,59.1,36.0,1966.08,4,0
42.9,56.01,34.41,2230.73,5,0
57.91,40.59,30.59,1857.01,3,0
112.02,51.84,48.47,1679.98,6,1
283.24,88.13,26.27,1819.88,8,1
151.55,57.72,43.71,1205.87,0,0
70.45,88.73,34.07,212.62,0,0
31.73,61.26,8.79,479.1,2,0
101.49,77.66,41.45,1820.11,5,0
244.72,42.02,31.3,2781.52,0,1
115.0,79.28,34.41,77.22,1,0
231.75,39.82,13.11,1632.11,3,0
240.81,21.47,24.69,756.18,3,1
33.25,32.05,44.63,1685.22,7,0
182.6,21.62,14.69,2248.97,4,0
287.73,91.03,5.01,2206.36,7,1
120.64,95.0,16.59,2174.66,6,1
15.28,77.17,26.94,2336.77,3,0
276.99,28.11,41.96,217.83,8,1
265.1,87.42,33.95,1528.73,7,1
156.64,75.78,46.36,785.34,4,1
165.68,44.92,25.5,2763.81,7,0
63.52,57.67,22.59,2348.64,2,0
245.84,69.63,15.41,322.63,1,1
149.58,21.8,14.81,729.74,7,0
10.16,57.62,38.12,1365.66,7,0
204.9,74.93,8.62,2888.73,1,0
285.15,34.12,15.92,329.02,6,1
248.75,53.28,44.87,1703.92,4,1
83.16,59.94,30.96,1023.86,5,0
16.0,75.17,7.1,1939.02,7,0
282.11,92.33,36.69,1946.12,1,1
281.12,83.62,27.8,721.77,3,1
159.72,66.61,43.45,2357.43,2,1
192.7,63.77,35.71,273.79,5,1
138.78,65.24,5.2,2454.42,1,0
125.93,60.89,14.26,635.9,1,0
35.83,24.45,16.61,1768.74,6,0
29.03,72.37,36.6,1041.93,0,0
69.82,73.73,27.92,1829.34,3,0
250.99,58.44,38.64,802.25,8,1
43.75,85.28,28.08,1706.89,8,0
68.01,70.43,19.73,24.59,1,0
164.58,47.2,9.66,1123.36,8,0
64.54,21.48,14.12,2479.17,3,0
48.96,24.44,23.04,1389.02,1,0
168.99,46.38,29.82,1497.78,4,1
110.43,54.66,47.24,1864.73,4,0
187.85,32.52,15.79,1302.63,3,0
273.66,34.2,34.97,2601.23,3,1
45.3,37.27,11.86,1209.97,0,0
274.03,78.54,37.12,2827.66,2,1
270.75,77.85,5.51,2630.81,1,1
248.73,48.72,34.52,1263.26,8,1
189.39,32.93,12.34,1097.4,4,0
186.04,28.32,13.11,2029.88,4,0
191.76,26.53,30.15,2265.92,3,0
207.15,49.35,21.89,557.58,7,1
4.94,23.42,26.21,723.14,7,0
287.43,45.02,18.9,438.76,6,1
175.68,92.11,47.91,2282.08,2,1
234.44,58.06,18.08,2143.21,2,0
113.18,81.7,29.39,567.16,8,0
3.72,29.69,43.45,1610.62,8,0
152.92,40.11,34.89,2292.72,2,1
152.16,90.99,19.52,2841.09,3,0
131.1,48.77,29.86,535.57,2,0
101.92,68.63,8.73,912.99,7,0
74.95,93.21,29.56,1045.02,8,1
158.26,61.31,24.41,1874.93,7,0
112.58,42.9,39.11,409.26,7,0
290.98,59.9,43.16,580.29,3,1
51.88,24.1,13.98,2341.31,2,0
95.9,28.43,8.67,1626.16,8,0
88.19,20.54,22.58,481.16,3,0
162.99,86.32,29.04,1165.3,1,1
149.78,70.35,21.96,403.48,7,0
193.12,42.37,33.29,1088.07,4,1
285.0,36.59,27.75,1200.6,0,1
85.57,71.23,47.15,336.33,8,0
207.83,88.96,23.42,179.5,2,1
7.51,42.44,8.71,2644.81,2,0
78.72,44.12,18.59,2662.94,4,0
139.12,84.07,32.27,7.74,2,1
9.3,87.0,16.52,1923.61,7,0
185.3,88.55,17.1,281.04,6,1
203.49,41.99,20.28,2430.42,5,0
224.02,29.02,38.58,2638.69,1,1
154.97,53.0,47.31,1849.85,4,0
181.18,42.18,20.77,1839.47,2,0
118.82,86.29,13.8,1114.44,8,0
12.38,22.75,23.93,748.41,7,0
29.99,67.54,20.83,1497.81,1,0
196.5,87.96,49.55,401.15,4,1
298.67,93.25,25.87,2016.67,7,1
4.74,68.76,35.57,1410.26,4,0
167.28,91.24,46.12,532.8,1,1
225.3,25.67,33.31,1764.94,1,1
248.03,46.95,16.22,2385.98,6,1
163.56,20.65,32.33,1766.4,4,0
185.97,93.59,23.08,1588.98,4,1
209.02,87.7,24.01,2543.15,2,1
257.69,22.1,49.07,32.27,2,1
36.69,21.36,17.54,1850.24,3,0
277.85,47.52,26.1,1229.08,4,1
7.81,39.39,12.19,580.7,4,0
250.86,83.52,13.03,2938.73,7,1
23.02,32.04,32.16,1211.44,1,0
58.39,79.3,38.8,1005.79,4,0
1.17,61.58,33.64,507.03,2,0
133.58,48.3,19.82,2993.3,0,0
100.31,30.93,7.68,2568.15,3,0
49.8,94.83,26.16,209.92,0,0
135.33,66.35,27.69,1697.26,3,1
120.71,52.95,39.68,442.2,5,0
230.3,47.83,33.81,2147.34,3,1
267.94,87.93,44.21,1452.25,6,1
195.77,81.59,40.23,331.17,2,1
37.32,80.84,21.46,1671.12,3,0
88.62,66.21,33.45,2732.03,7,0
274.0,86.6,38.63,1023.58,2,1
26.62,42.45,48.06,152.42,4,0
122.06,72.78,24.01,2835.62,6,0
282.75,50.33,34.17,425.4,3,1
285.2,65.0,22.67,1425.16,2,1
123.36,94.86,38.2,1634.03,6,1
200.22,93.84,46.04,711.26,0,1
137.02,58.45,46.37,532.25,2,0
226.04,63.04,12.07,339.42,3,1
9.47,87.3,14.18,209.87,1,0
43.25,93.92,38.97,1524.38,4,0
184.26,78.4,33.4,2526.06,5,0
69.77,24.89,45.73,380.28,8,0
199.82,44.2,19.12,2101.86,5,0
105.37,87.24,43.16,1237.86,5,1
265.99,77.63,35.77,105.67,6,1
245.78,75.67,13.8,1607.92,1,1
147.85,70.09,10.69,756.02,4,0
231.87,51.14,36.62,1815.76,7,1
81.34,50.24,12.13,1047.97,1,0
148.28,80.67,40.74,1999.36,2,0
59.24,42.03,30.07,2755.51,1,0
258.27,71.36,26.46,733.63,8,1
246.92,74.47,17.4,2819.52,3,1
270.64,83.34,49.27,612.93,2,1
263.24,43.99,37.5,212.08,7,1
287.88,75.64,40.01,578.1,8,1
68.5,27.99,39.59,2444.75,0,0
279.55,30.35,31.28,2032.67,7,1
171.36,51.3,47.29,2912.5,6,1
126.75,24.14,31.27,2129.48,7,0
168.11,91.08,28.4,1237.89,0,0
102.78,87.64,17.32,2677.29,0,0
86.57,23.67,17.68,2874.39,3,0
72.39,82.87,38.16,2374.96,7,0
24.73,58.17,20.06,1669.92,4,0
148.97,72.65,37.79,2477.3,6,0
266.33,86.52,47.87,537.13,2,1
189.05,63.27,24.77,2701.05,3,1
156.29,28.72,9.38,2998.68,7,0
128.58,20.19,34.99,1995.42,4,0
139.32,57.27,5.43,587.67,7,0
62.78,91.19,40.42,433.31,5,0
246.88,62.95,28.65,2878.24,1,1
59.51,47.97,27.04,2614.06,8,0
214.99,22.32,30.62,2246.04,8,1
228.0,88.62,28.24,2847.36,7,1
172.46,44.54,19.57,1510.21,4,0
258.88,72.86,17.67,2663.24,3,1
87.32,72.07,23.69,488.46,2,0
264.49,39.04,45.27,548.43,5,1
218.82,24.78,11.09,1537.03,2,0
239.62,48.88,19.61,997.53,1,1
199.37,43.78,13.65,1297.56,0,0
253.9,72.52,24.22,2394.59,3,1
297.93,81.48,11.01,160.22,7,1
126.05,36.68,39.24,2162.53,7,0
244.17,59.62,9.66,264.69,7,1
223.37,23.05,34.94,2542.5,5,1
135.86,36.07,17.05,605.7,7,0
278.08,77.13,26.25,2204.82,7,1
118.33,79.5,14.0,1775.64,7,0
169.64,78.23,37.86,1156.87,4,1
31.78,30.68,47.67,802.61,0,0
67.73,61.33,14.98,172.38,3,0
252.21,51.7,47.89,1060.14,7,1
118.97,94.36,19.64,601.59,6,1
118.23,69.06,30.1,407.74,0,0
73.79,90.14,36.57,2215.49,0,0
147.48,30.9,13.97,637.54,5,0
241.75,53.82,25.01,669.47,8,1
268.55,77.87,8.05,1021.44,6,1
21.03,47.59,36.37,1387.96,8,0
172.45,67.44,23.75,1541.14,0,0
140.18,58.38,45.12,1993.64,7,0
184.28,94.39,17.33,1765.57,1,0
134.18,33.04,46.56,1445.05,7,1
119.59,90.15,11.35,1181.82,8,0
141.56,50.12,32.31,797.36,4,0
174.6,55.1,18.85,2129.83,4,0
150.29,59.65,13.18,952.5,4,0
141.64,39.9,9.23,2548.74,4,0
245.35,92.27,34.5,1758.49,7,1
223.69,88.36,15.49,1901.83,2,1
102.41,92.97,30.78,1526.37,2,0
240.17,94.77,49.07,2785.67,8,1
256.1,70.24,19.22,1264.79,7,1
46.05,53.88,6.57,1280.91,4,0
174.8,83.81,11.43,2679.04,1,1
85.59,21.79,10.37,1814.72,8,0
221.75,82.58,25.85,1347.45,7,1
71.64,57.3,38.51,786.45,2,0
201.42,70.49,18.34,735.13,4,0
76.54,48.05,11.56,2404.3,3,0
153.34,47.65,33.83,838.4,7,0
284.59,22.38,18.55,17.21,6,0
114.39,51.78,30.88,58.38,4,0
262.72,50.63,47.02,2935.21,8,1
296.08,36.86,18.11,1679.51,5,0
262.46,38.55,28.06,1467.07,4,0
49.76,63.81,41.31,2753.63,8,0
245.9,43.83,36.13,1055.06,4,1
9.64,82.27,38.82,2384.99,3,0
117.99,28.35,39.77,2165.43,3,0
261.22,63.32,29.3,1431.29,1,1
206.63,32.0,29.12,2323.9,2,1
159.82,59.62,37.35,2897.34,0,0
116.36,61.44,36.39,601.82,6,1
243.69,68.17,35.15,52.53,5,1
212.87,52.06,22.2,2464.36,8,1
140.52,58.21,42.28,1210.76,5,0
267.75,33.57,15.63,1633.21,0,1
68.98,54.73,12.01,667.39,5,0
51.12,47.98,20.53,2525.37,1,0
192.84,69.96,16.42,2163.62,0,0
291.6,52.61,34.84,2860.1,5,1
74.18,78.45,15.4,1425.76,0,0
74.9,51.95,34.54,2929.7,3,0
41.85,37.68,28.1,1532.57,8,0
258.17,40.53,11.86,1864.27,2,1
67.92,23.4,16.63,2022.38,6,0
150.95,60.49,28.48,1469.31,3,0
297.26,82.32,37.99,1688.34,1,1
3.64,77.68,22.92,669.92,1,0
166.95,52.83,15.48,1087.09,0,0
153.69,34.71,18.28,2105.98,1,0
242.23,84.76,9.28,116.97,1,1
106.58,24.26,6.13,2101.24,7,0
123.1,49.94,48.79,911.33,7,0
50.38,84.25,9.34,815.51,3,0
222.24,49.49,10.62,2080.47,6,0
235.41,28.84,44.19,644.84,1,1
41.0,39.95,34.86,2885.05,5,0
118.04,65.0,24.62,2972.04,1,0
267.87,31.4,34.21,1374.3,5,1
0.81,69.12,47.07,1204.26,3,0
89.63,52.86,9.47,237.11,7,0
166.51,45.08,15.97,2334.66,7,1
100.23,38.07,43.71,488.17,3,0
81.61,81.75,40.13,2799.14,0,0
138.01,49.75,49.74,2971.78,2,0
54.46,75.39,19.13,367.23,2,0
158.89,53.03,47.52,2049.02,3,0
212.01,26.89,20.47,1397.98,5,0
172.59,53.04,37.18,1623.44,8,1
27.93,58.08,44.72,538.72,0,0
253.32,54.34,12.69,2170.56,4,1
52.49,81.22,14.25,499.84,1,0
229.44,88.31,31.14,2655.9,4,1
108.17,79.01,42.97,1361.92,5,0
234.83,63.71,8.55,1904.6,7,1
61.88,60.61,43.29,2765.37,5,0
56.0,68.35,20.44,2213.82,1,0
149.11,41.59,23.28,1622.54,8,0
9.88,80.89,20.29,1208.03,3,0
67.59,84.26,46.02,1386.41,4,0
217.2,40.04,10.89,1025.02,5,0
251.22,87.71,30.84,2838.55,2,1
24.24,83.65,11.66,758.57,8,0
264.62,51.84,46.79,1228.04,0,1
239.26,88.18,40.91,2334.67,1,1
260.91,29.03,15.52,1093.03,8,1
209.53,22.1,18.4,2659.83,4,0
202.25,46.09,22.17,729.22,8,0
157.53,62.41,23.24,94.03,8,0
195.84,46.36,41.78,1886.25,8,1
275.73,90.66,30.4,1524.76,6,1
30.16,39.1,24.26,2799.17,6,0
94.73,41.09,37.38,1269.4,5,0
21.74,67.61,25.6,406.77,6,0
283.44,20.29,10.77,989.24,2,0
133.58,74.57,9.84,1179.64,7,0
202.6,48.31,19.67,1749.4,1,0
252.34,93.33,32.13,823.5,4,1
297.3,71.86,11.07,1650.94,3,1
48.53,23.92,29.76,2724.14,6,0
239.85,26.95,17.13,1271.19,2,0
266.23,26.61,36.29,1954.71,1,1
14.66,91.45,6.27,686.7,7,0
226.23,71.3,26.11,2403.98,4,1
106.42,52.07,7.35,809.01,6,0
194.58,35.04,19.87,1739.41,7,0
154.21,85.52,5.7,900.74,7,0
77.92,35.12,26.11,202.21,3,0
40.57,73.0,39.52,958.99,1,0
35.08,77.25,9.51,636.09,8,0
31.0,42.1,38.09,2678.02,2,0
191.34,57.87,31.29,798.49,6,1
105.42,36.72,27.71,2923.27,6,0
64.99,48.42,31.98,1477.04,3,0
207.57,92.39,20.12,663.19,1,1
206.05,71.99,36.97,1174.03,4,1
161.75,83.5,40.08,550.29,1,1
280.49,60.54,40.02,2501.05,3,1
115.62,37.93,17.13,359.91,3,0
250.76,73.47,34.43,2620.58,4,1
22.54,57.54,11.66,137.75,1,0
221.95,33.26,27.29,898.82,7,1
296.53,50.93,5.12,419.66,0,1
253.98,67.61,13.71,2055.8,8,1
173.9,75.15,33.43,1536.97,2,1
188.03,38.24,44.35,2818.02,4,1
105.99,85.7,7.21,1098.54,7,0
203.85,48.47,30.13,122.25,5,0
231.12,40.34,33.65,2284.98,0,1
299.47,34.63,46.96,1738.5,5,1
147.74,80.31,34.48,2482.31,5,0
18.39,46.56,9.64,1278.42,8,0
178.76,56.25,11.6,2214.54,5,0
35.71,36.71,33.61,513.2,8,0
73.43,71.46,14.7,2998.58,4,0
98.63,78.58,46.77,520.94,1,1
219.31,45.46,46.43,2489.4,4,0
55.14,90.88,47.69,637.31,8,1
49.73,22.3,18.18,2347.52,0,0
13.49,29.97,37.26,2583.76,3,0
261.97,64.16,34.84,2629.92,0,1
208.05,72.61,6.6,1427.16,7,1
11.98,38.8,16.95,1286.44,4,0
8.49,61.56,14.3,2501.37,6,0
167.6,43.88,21.69,1738.47,8,0
84.76,61.56,47.89,1863.83,7,1
179.02,69.45,43.05,708.2,3,1
130.38,92.96,18.2,1338.47,8,1
276.99,54.18,28.85,1108.35,4,1
86.34,68.62,13.65,1995.96,8,0
203.74,63.35,17.48,589.45,8,1
16.22,43.82,7.93,1217.26,1,0
286.76,38.98,33.92,2546.2,7,1
294.23,94.09,34.56,1639.34,6,1
221.72,35.51,42.73,2688.13,6,1
139.56,79.27,44.22,697.58,1,1
66.0,30.99,12.2,1319.71,4,0
243.75,80.33,38.44,1501.25,1,1
220.91,33.93,11.06,1201.7,8,0
66.59,92.54,21.82,2053.48,7,1
135.36,71.45,28.2,446.16,5,0
138.84,26.76,7.23,1558.2,1,0
247.92,71.99,12.05,416.32,5,1
205.15,65.27,17.2,1887.59,3,1
192.95,45.32,10.74,2490.74,7,0
194.95,39.56,47.03,59.99,0,1
81.14,73.91,17.97,1370.81,3,0
111.51,75.6,27.55,1478.11,3,0
13.7,44.54,49.84,2160.76,8,0
236.08,85.72,30.5,224.16,2,1
129.9,40.16,23.52,1218.06,8,0
131.47,25.24,46.84,2356.44,8,0
73.61,64.99,15.01,1596.43,5,0
62.83,28.03,13.08,2249.54,1,0
176.35,40.75,29.09,1092.03,1,0
69.77,58.04,24.23,2760.26,0,0
19.26,41.48,40.86,232.04,6,0
230.25,36.12,6.89,273.49,6,0
112.94,72.74,32.8,1585.46,2,0
114.07,61.02,36.98,1412.47,6,1
129.4,82.98,48.74,1915.4,5,1
244.51,63.59,11.56,687.17,7,1
96.25,56.26,16.08,678.08,0,0
227.41,39.59,46.96,2247.33,1,1
281.86,79.4,33.38,875.3,7,1
198.26,34.77,6.71,2181.88,3,0
129.5,38.17,8.48,1922.12,8,0
224.34,83.12,40.34,249.98,7,1
137.37,75.59,30.54,2133.39,0,1
124.33,65.97,30.44,2638.55,3,0
157.58,22.92,44.59,2449.94,6,0
95.32,29.54,15.85,26.59,1,0
31.28,57.5,12.22,1619.14,7,0
124.46,75.98,32.62,2740.01,0,0
37.16,54.81,44.71,1796.18,0,0
123.13,21.3,16.94,870.98,4,0
167.08,33.82,35.66,583.63,2,1
279.21,64.16,11.86,2054.84,5,1
10.87,72.07,12.74,2313.76,3,0
186.44,22.51,45.57,2737.75,2,0
137.32,23.25,10.31,2717.15,7,0
6.08,39.6,6.1,1017.84,1,0
74.86,26.26,39.87,1811.63,4,0
35.55,60.65,21.31,304.56,1,0
65.04,29.28,22.85,283.39,1,0
82.37,68.62,40.99,214.41,1,0
120.39,78.29,13.1,2781.43,2,0
158.71,92.79,34.26,457.3,3,1
0.3,91.13,19.11,1446.98,4,0
48.56,40.5,9.69,1299.22,1,0
28.07,22.21,35.94,974.31,0,0
164.9,44.71,19.34,1613.19,0,0
98.72,73.14,44.0,8.37,5,0
164.52,24.49,46.36,1140.45,8,1
66.55,46.98,43.21,1438.03,0,0
7.27,42.35,19.51,2409.91,0,0
282.41,36.45,15.65,2102.89,7,1
32.49,72.96,45.18,2549.29,6,0
38.06,69.43,25.38,1128.89,6,0
43.96,60.16,36.85,422.72,1,0
294.38,88.31,42.22,1203.17,7,1
185.3,27.74,17.5,2889.18,5,0
183.09,31.23,10.36,642.98,1,1
296.01,48.76,33.12,524.27,1,1
26.53,69.19,31.56,2833.01,5,0
292.35,63.81,17.16,2849.77,7,1
61.2,25.55,31.31,447.71,7,0
186.92,91.88,40.57,2308.36,5,1
126.03,42.88,20.75,1289.23,4,0
115.19,46.92,15.9,1476.65,6,0
279.37,66.77,37.63,1496.06,1,1
44.77,90.89,40.36,2905.11,3,0
299.12,69.7,47.94,553.98,0,1
113.74,91.61,11.64,2319.19,7,0
194.63,34.07,45.02,17.02,5,1
290.37,66.41,39.43,1885.83,6,1
17.28,82.17,36.59,1958.03,4,0
276.86,58.18,19.09,2261.12,8,1
170.34,47.16,6.0,2777.89,8,0
211.32,93.86,27.84,2261.51,5,1
44.76,30.57,17.86,2196.43,7,0
160.02,50.82,18.04,761.36,5,0
202.05,85.5,46.72,2978.52,6,1
136.87,87.54,11.88,1405.23,2,0
46.5,93.53,47.04,1252.35,8,0
73.24,86.36,27.67,1505.63,1,0
256.32,23.82,42.72,1182.17,6,1
10.34,89.73,17.76,1780.91,5,0
212.66,52.11,33.53,1048.87,0,1
299.82,68.87,30.05,719.83,6,1
2.24,49.57,46.59,2783.98,0,0
48.31,81.03,13.07,2783.49,4,0
202.24,63.19,14.21,1488.74,7,0
18.0,83.42,47.7,2886.44,1,0
176.94,34.53,9.41,1247.15,3,0
205.2,33.87,33.56,1162.14,4,0
176.44,53.03,7.73,2750.72,8,0
109.56,20.36,8.46,1898.75,3,0
209.18,71.96,31.87,2287.55,1,1
178.29,42.2,29.81,1238.23,1,0
62.29,61.8,30.79,1221.0,1,0
168.94,25.25,26.31,249.91,7,0
264.57,32.8,38.41,2900.23,6,1
200.05,66.71,49.65,683.88,3,1
141.54,42.92,17.41,1482.8,7,0
96.48,36.1,19.55,343.83,8,0
25.77,37.16,19.54,1940.86,7,0
73.39,36.11,39.35,1172.63,0,0
3.36,66.71,20.66,2302.99,0,0
295.99,32.58,35.45,1585.14,6,1
66.74,47.2,25.06,388.44,3,0
244.46,71.59,32.35,32.22,1,1
50.59,58.53,42.31,637.35,5,0
85.08,64.8,28.13,2173.04,3,0
125.48,38.82,26.38,2485.54,8,0
97.32,89.95,17.01,1024.01,5,0
239.51,51.04,28.22,1607.78,2,0
287.31,41.52,16.81,720.04,8,1
262.59,87.82,42.96,2641.33,5,1
46.07,69.15,22.5,2895.62,2,0
233.01,66.05,10.81,2258.82,1,1
44.38,86.51,15.8,266.66,4,0
274.01,24.39,29.06,1311.36,6,1
155.36,82.83,46.23,2971.52,7,1
100.91,70.84,18.53,688.15,1,0
47.11,47.0,16.9,2011.42,3,0
3.54,39.23,23.3,2815.69,8,0
74.38,27.86,48.55,2319.61,5,0
274.21,90.58,43.03,1826.58,0,1
239.18,30.64,11.74,1520.12,8,1
290.94,39.46,32.62,2786.44,6,1
30.23,71.83,40.63,1184.2,4,0
177.65,73.26,39.56,2703.81,6,1
77.15,32.06,27.0,1293.16,5,0
162.88,81.06,37.93,2269.64,2,1
96.14,58.27,31.26,2747.14,7,0
85.04,83.63,14.07,1651.93,2,0
172.15,26.55,7.52,929.64,2,0
55.0,23.21,21.63,152.96,5,0
140.74,67.77,7.79,2427.78,0,0
195.24,31.25,22.78,1866.03,5,1
38.45,59.37,42.3,789.14,4,0
279.18,21.06,42.99,2632.23,6,1
151.72,78.49,6.53,2760.91,1,0
245.86,87.46,8.13,2661.5,5,1
196.17,82.92,35.14,1804.55,3,1
213.0,91.88,27.5,2929.74,1,1
214.84,87.73,11.72,2624.42,4,1
262.53,53.3,41.25,312.78,8,1
184.08,49.88,14.74,2943.32,7,0
83.47,87.21,8.52,1646.42,1,0
29.85,89.52,38.73,2760.11,7,0
181.88,92.96,32.37,2281.02,5,1
19.91,77.62,22.75,1942.7,0,0
72.39,35.15,36.17,980.02,8,0
18.21,90.87,46.01,81.09,4,0
164.67,91.04,6.54,830.21,8,0
48.1,69.96,33.25,2057.46,0,0
183.12,84.3,14.82,2589.34,1,0
237.26,62.09,26.34,7.04,8,1
246.56,90.81,24.08,623.92,2,1
92.86,27.05,22.55,2019.2,4,0
164.69,84.8,13.57,850.91,5,1
168.9,24.16,41.12,425.11,8,1
141.87,45.43,22.08,245.81,3,0
196.53,30.15,44.92,1913.64,6,0
63.03,55.94,20.96,1784.58,6,0
293.77,37.42,42.79,2575.84,6,1
29.42,91.41,29.5,944.51,4,0
248.77,61.95,22.35,410.16,0,1
178.23,87.33,36.68,2397.47,2,0
73.46,40.85,40.4,2964.56,5,0
223.7,21.95,26.72,1081.17,3,0
25.34,78.17,24.14,2596.05,1,0
232.33,72.68,30.98,2287.64,6,1
177.0,60.91,31.33,2734.76,4,1
33.23,81.15,24.15,1273.12,7,0
23.85,83.01,39.09,303.9,4,0
225.25,64.09,22.99,355.07,3,1
87.88,92.44,25.38,2289.6,0,0
266.79,73.98,32.24,2590.0,0,1
228.62,70.77,49.41,1371.05,4,1
209.46,47.11,16.73,178.71,3,1
83.58,20.17,15.44,200.12,6,0
212.68,38.07,12.96,1795.8,5,0
284.44,77.29,36.02,2755.87,2,1
27.47,73.24,25.21,1198.75,6,0
97.85,44.83,22.49,1951.86,5,0
70.4,66.92,14.18,1626.02,7,0
117.98,34.65,45.1,2669.27,8,0
222.7,39.77,24.94,2497.16,8,1
142.27,91.06,32.35,598.05,1,1
171.22,50.99,10.06,2032.63,4,0
94.25,38.37,9.86,2542.51,0,0
42.39,56.53,8.03,2790.75,7,0
80.08,49.03,21.53,1769.78,6,0
257.9,74.71,26.28,527.73,2,1
180.73,92.16,16.01,1674.7,5,1
113.4,64.38,20.74,1997.46,5,0
236.97,64.34,5.28,817.47,4,1
19.34,47.36,20.8,2919.0,4,0
76.17,62.35,10.36,687.98,8,0
69.03,43.95,10.78,2734.06,6,0
295.61,20.08,5.2,1275.54,3,0
211.83,84.96,36.34,1.66,6,1
185.34,52.21,46.91,1629.87,1,1
1.5,56.91,32.97,1884.86,2,0
55.29,26.26,9.33,2608.09,1,0
190.66,82.78,49.53,1621.69,7,1
113.92,32.78,48.9,282.39,0,0
277.28,50.8,26.07,2780.44,8,1
229.42,83.02,9.85,1696.06,7,1
134.22,54.33,37.43,814.59,8,0
224.85,89.84,48.27,2696.58,6,1
292.62,35.7,40.04,362.74,4,1
138.29,73.64,33.09,292.45,7,0
192.76,93.35,32.49,1605.03,8,1
275.6,61.22,49.01,1874.65,8,1
74.6,71.91,8.29,1532.88,7,0
265.97,49.49,11.73,2786.98,6,1
29.26,76.35,42.39,788.46,5,0
194.53,88.17,11.53,2970.71,8,1
234.85,72.73,22.25,58.05,3,1
184.38,90.19,17.67,355.6,4,1
148.66,64.15,15.96,557.03,7,0
185.2,63.29,6.16,238.73,2,0
45.5,42.85,30.48,1314.65,6,0
64.67,73.22,23.06,2596.12,0,0
80.97,86.15,29.82,2462.28,5,0
179.33,68.47,18.7,2234.27,0,0
132.57,37.48,47.37,22.23,8,1
73.34,60.81,31.61,2597.12,7,0
264.84,76.7,48.25,1189.5,2,1
112.18,90.45,20.75,2194.91,1,0
133.81,31.74,5.1,2180.76,5,0
122.91,29.56,40.16,532.56,8,0
54.58,50.97,42.23,1546.18,2,0
219.49,29.42,7.64,2778.54,8,0
134.54,93.53,33.14,789.15,4,0
4.88,51.82,34.75,2145.08,3,0
289.2,60.02,11.56,2874.15,3,1
244.73,37.03,29.86,1081.89,2,1
217.07,53.68,15.94,1162.9,3,1
260.73,93.85,5.74,1357.69,1,1
272.04,56.65,44.01,2427.12,3,1
101.25,20.66,27.13,1317.85,2,0
183.29,38.19,40.18,1458.74,0,1
182.64,93.38,37.53,666.95,3,0
80.19,94.18,49.72,2965.04,0,0
66.59,35.79,24.71,2677.06,1,0
34.17,66.14,24.24,1800.76,6,0
197.79,25.77,17.68,2881.68,0,0
234.28,63.31,33.13,2060.99,2,1
228.29,29.44,26.88,2877.32,6,1
94.88,81.4,37.79,484.61,0,0
61.58,90.47,21.04,676.37,6,0
136.08,32.97,10.89,2655.55,0,0
164.04,54.7,43.81,1259.62,0,0
275.73,27.65,42.26,1113.47,1,1
262.45,45.44,20.8,2263.01,7,1
274.82,24.88,36.07,1890.98,0,1
255.08,39.84,27.16,1032.21,0,1
289.37,94.27,39.24,1193.58,8,1
139.65,23.35,22.56,1225.15,5,0
14.24,84.42,29.1,378.99,5,0
25.07,25.81,7.6,688.66,0,0
117.08,59.67,12.87,1612.59,3,0
77.31,53.91,40.18,2345.48,5,0
50.98,89.87,22.17,1257.14,4,0
285.96,34.93,6.58,1150.06,4,0
58.63,33.48,12.54,1951.55,1,0
287.81,76.15,23.52,471.76,8,1
228.25,74.43,37.31,1142.25,6,1
192.28,72.44,21.36,624.41,2,1
202.81,21.96,38.53,1954.94,8,1
99.44,39.5,43.61,337.09,2,0
193.93,82.99,20.35,1343.47,1,1
56.01,65.06,41.02,1788.55,8,0
281.31,65.16,10.71,2501.03,1,1
90.54,42.19,23.69,2173.65,0,0
76.56,39.51,9.39,2828.59,5,0
213.35,90.99,7.36,2039.64,2,1
196.93,74.58,7.9,1047.57,1,0
135.39,29.51,9.71,695.17,0,0
189.73,90.33,42.61,169.75,1,1
47.85,63.68,29.47,832.76,8,0
202.0,45.0,47.63,410.55,6,1
81.18,49.79,29.21,1107.67,7,0
81.85,74.41,33.29,2107.73,5,0
48.65,48.22,13.3,2076.1,4,0
99.71,63.41,29.33,954.5,1,0
99.38,73.29,22.34,1525.66,8,0
136.25,34.65,46.91,650.31,7,0
57.13,90.82,47.03,1508.93,4,0
57.9,46.71,13.93,1530.25,0,0
162.52,51.45,32.91,903.89,6,1
38.66,72.39,33.72,778.4,2,0
206.67,65.66,30.31,2938.72,1,0
283.18,53.01,10.59,1611.37,6,1
128.04,68.73,34.43,1686.23,7,0
270.33,87.71,40.96,23.38,5,1
29.49,80.02,20.54,545.52,0,0
12.89,81.82,28.15,1069.87,5,0
216.41,39.38,10.23,2897.94,8,1
228.31,51.46,46.88,525.73,6,1
252.92,61.54,9.93,909.87,2,1
17.05,23.31,14.38,2970.47,5,0
233.07,77.73,18.43,1443.33,2,0
112.96,44.26,42.16,955.22,7,0
91.0,41.19,36.53,1903.08,7,0
51.91,39.45,5.32,1488.91,5,0
298.8,41.25,13.26,2872.35,1,1
19.1,45.35,38.76,249.59,3,0
248.1,65.36,23.17,2371.64,1,1
191.85,63.77,6.18,837.26,6,0
220.52,39.18,48.38,2420.01,6,1
213.52,35.48,11.81,2543.16,2,1
257.53,81.98,27.97,2547.67,7,1
55.14,26.95,16.17,2600.09,6,0
0.25,58.46,38.19,2154.38,8,0
179.56,59.04,39.95,427.21,2,0
106.16,63.06,22.87,155.71,1,0
37.14,86.42,34.63,1022.3,4,0
55.84,66.79,45.91,1485.21,2,1
99.52,93.02,41.67,907.86,6,1
21.07,85.35,23.67,2226.62,3,0
17.07,36.11,24.87,2167.33,5,0
274.81,38.09,44.91,2915.77,1,1
93.63,45.86,6.55,1201.72,0,0
294.67,49.36,6.03,2357.18,8,1
289.31,61.47,14.26,2223.6,4,1
42.77,37.44,42.24,2966.25,1,0
214.48,36.68,11.89,2320.85,7,1
180.24,48.6,17.84,850.72,1,0
207.19,70.4,33.31,45.82,8,0
28.86,71.61,13.29,2904.5,3,0
56.57,93.21,18.64,2148.21,4,0
22.99,35.18,26.01,2437.82,2,0
181.24,49.46,15.26,2379.73,0,0
295.98,92.35,49.66,2207.28,3,1
201.6,71.75,12.36,2254.42,3,1
213.23,64.42,43.25,2788.37,4,1
295.38,60.47,26.15,2742.33,4,1
203.4,25.66,10.81,1137.68,5,0
12.05,87.0,10.33,92.88,0,0
260.1,66.91,27.51,116.04,3,1
109.4,62.88,20.91,1339.92,7,0
1.31,60.46,15.56,2504.94,8,0
152.17,49.39,48.15,2542.83,4,1
281.1,39.1,25.85,1213.17,3,1
77.2,76.65,46.8,904.83,3,0
147.45,58.22,12.38,1519.8,7,0
52.13,22.55,13.26,2497.63,3,0
17.31,49.93,31.82,1909.49,8,0
24.16,89.65,17.14,419.42,0,0
218.1,48.04,13.32,1086.7,5,1
259.22,50.99,9.26,1666.28,4,1
42.99,66.8,8.43,1614.79,4,0
86.5,80.13,38.89,2491.9,4,0
58.51,70.13,17.7,2796.52,1,0
8.06,83.75,49.03,301.39,3,0
166.03,28.55,13.24,673.22,3,0
209.98,89.34,20.95,1176.47,5,1
194.36,87.79,21.87,889.19,5,0
116.42,58.94,27.51,1224.87,3,0
166.5,66.86,44.18,122.16,4,1
28.23,35.96,42.56,198.04,5,0
46.29,53.6,5.45,2515.08,0,0
279.54,35.2,23.42,307.75,7,1
228.45,21.65,42.26,2472.23,8,1
276.82,93.57,5.01,919.54,3,1
275.0,39.44,29.01,927.67,6,1
194.82,64.48,16.68,302.24,3,1
278.47,42.52,23.57,39.79,0,0
125.01,47.8,23.91,1065.87,7,0
1.08,49.83,22.63,2506.07,2,0
18.77,45.13,45.14,2759.87,3,0
32.85,67.8,29.14,184.76,5,0
28.61,92.07,45.67,92.72,3,0
105.51,52.15,37.7,476.4,2,0
210.38,93.0,20.8,2298.87,7,1
237.19,70.08,27.21,614.65,3,1
177.06,65.54,22.54,692.43,5,0
43.93,37.78,42.29,2666.83,5,0
224.37,24.72,13.44,2624.85,8,0
106.44,83.9,47.14,2010.87,4,1
3.9,63.05,31.12,492.04,4,0
84.18,51.08,32.53,1143.45,8,0
99.18,80.9,28.26,708.53,4,0
82.27,43.29,29.95,2015.54,2,0
243.56,78.77,35.05,2339.79,0,1
227.98,44.6,34.48,426.4,2,0
208.67,89.07,14.64,2693.87,1,0
41.7,40.1,31.21,1388.48,2,0
242.35,30.32,20.96,2385.02,4,0
203.15,72.36,33.67,154.91,4,1
58.45,32.21,29.65,1081.74,1,0
194.43,91.2,13.09,44.34,4,1
145.05,69.17,38.06,2155.45,4,1
131.81,37.31,25.57,238.35,0,0
33.64,35.66,29.81,1014.86,2,0
155.49,89.29,35.27,2345.25,6,1
29.98,65.59,34.38,2246.9,0,0
49.28,87.03,38.7,1920.87,2,0
39.76,28.27,14.3,2082.06,4,0
286.23,89.4,9.97,1953.69,1,1
85.46,59.0,35.11,1923.83,5,0
106.56,70.13,15.62,1048.96,6,0
96.62,47.97,10.16,84.5,3,0
269.48,24.44,10.91,1325.48,2,0
168.89,91.85,19.08,136.38,6,1
275.75,94.59,49.63,1406.6,1,1
89.98,47.34,12.08,1392.24,1,0
34.45,90.79,18.43,536.16,0,0
166.87,32.58,46.43,2352.78,0,0
103.66,31.6,48.35,2112.63,7,0
240.57,25.48,15.3,1678.62,8,1
263.83,49.35,44.62,2777.73,4,1
141.77,23.92,11.25,861.56,8,0
291.41,49.6,39.27,786.1,6,1
165.9,30.38,5.59,550.31,3,0
81.28,74.79,23.3,1633.32,6,0
146.69,82.5,16.13,616.07,3,0
11.19,71.59,36.68,2606.69,8,0
241.2,35.04,5.72,912.93,7,0
30.43,77.51,25.92,1472.79,7,0
92.62,38.71,36.35,1588.53,4,0
169.59,76.96,7.1,922.94,4,0
12.89,62.55,45.38,2215.26,1,0
23.8,47.5,21.25,2076.22,5,0
208.83,26.26,12.44,2282.43,1,1
21.53,82.06,15.15,1817.76,4,0
143.12,90.47,20.25,1380.55,1,1
101.61,69.94,13.93,1346.75,4,0
68.42,92.34,27.98,2149.6,7,0
56.63,90.06,33.48,1131.11,2,0
229.02,34.6,24.5,1311.78,5,0
285.46,74.84,24.22,491.01,2,1
42.05,46.2,40.18,2038.89,2,0
287.9,56.56,18.55,230.77,1,1
178.43,31.77,33.02,2971.54,1,0
192.5,93.11,45.18,431.21,3,1
212.98,74.46,14.97,1148.94,1,1
211.24,40.02,32.9,713.34,8,1
245.94,47.86,47.66,871.97,6,1
145.04,51.69,28.84,967.36,1,0
160.01,76.07,48.96,2155.01,7,1
97.15,89.43,18.95,530.25,3,0
31.58,44.11,30.39,791.57,4,0
199.39,55.44,19.0,303.62,6,1
10.08,64.49,5.17,994.38,6,0
82.69,49.5,49.88,2823.73,0,0
28.27,57.81,15.8,1140.33,2,0
57.22,27.93,48.79,2332.01,3,0
191.62,32.58,34.39,1385.11,5,1
188.54,50.08,45.68,1348.8,7,1
126.32,88.62,48.52,2471.91,3,0
27.05,46.2,30.55,80.46,4,0
130.01,38.73,49.99,2594.66,0,0
105.82,75.71,39.53,1455.63,4,1
216.14,91.18,28.57,1053.38,4,1
173.71,54.43,34.47,2720.5,5,1
147.47,20.65,13.74,1019.58,7,0
146.09,71.61,5.5,2933.09,5,0
289.89,51.13,16.56,2809.07,0,0
226.89,70.52,24.57,803.77,7,1
149.09,40.83,15.26,1021.81,4,0
143.77,20.18,28.13,2436.5,4,0
7.94,45.84,34.61,586.83,7,0
282.75,72.86,34.51,2195.85,5,1
95.75,49.48,45.22,387.45,7,0
76.78,36.44,48.48,616.82,7,0
299.82,54.8,45.08,1501.52,4,1
215.61,76.43,32.91,2237.65,8,1
14.21,28.96,14.26,2218.29,1,0
18.57,71.88,47.46,1826.77,7,0
7.65,70.05,12.87,816.34,7,0
179.89,47.81,11.81,1246.13,0,0
21.47,92.78,19.29,738.64,1,0
280.02,87.1,30.81,831.05,0,1
281.07,43.71,35.67,969.67,2,0
163.82,22.33,5.6,1796.54,8,0
184.99,43.12,40.01,622.78,1,0
87.57,35.35,12.88,127.71,0,0
19.19,61.04,18.34,2077.36,4,0
221.24,88.91,19.49,65.42,3,1
30.54,85.28,19.96,2912.35,5,0
25.67,42.94,39.22,1050.86,5,0
93.37,52.14,6.84,19.74,7,0
3.74,22.74,13.84,2653.76,3,0
130.21,60.81,6.0,1799.41,4,0
212.3,24.75,40.02,2452.18,0,0
240.4,90.4,49.27,1305.07,8,1
181.29,85.02,34.68,1062.55,1,1
254.06,36.06,31.56,1965.57,5,1
121.95,72.45,45.86,1218.0,7,1
254.63,62.6,16.47,1668.63,5,0
151.94,80.1,7.99,833.47,5,0
66.91,55.67,27.95,997.94,1,0
283.24,34.38,16.72,246.57,6,1
82.49,67.99,25.3,2344.12,1,0
7.86,26.02,25.53,1046.55,6,0
72.8,63.84,19.35,2925.0,5,0
110.01,35.95,26.88,779.28,4,0
105.4,71.37,22.11,1425.16,6,0
157.4,82.1,10.09,916.6,6,0
264.94,28.21,44.0,2081.78,1,1
87.7,50.02,36.56,2425.1,3,0
156.23,75.01,6.86,1461.03,4,0
102.04,32.28,10.21,1100.78,1,0
246.53,62.49,9.34,2234.25,3,0
47.28,70.39,7.78,574.37,0,0
31.05,46.61,7.66,1798.4,3,0
150.9,82.4,12.07,2200.87,1,0
201.57,58.3,43.15,807.81,1,1
238.66,67.02,42.27,1967.1,7,1
176.89,30.57,40.24,2205.68,1,0
232.15,21.74,32.66,352.25,1,1
117.81,23.81,37.56,971.72,2,0
9.86,87.79,38.23,1218.92,0,0
34.83,86.2,45.02,2327.87,7,1
11.62,80.57,37.96,1702.52,8,0
98.68,34.97,38.14,1348.68,7,0
148.65,59.41,41.18,956.32,7,1
106.9,79.71,30.04,12.18,0,0
168.18,70.6,14.59,60.66,4,1
144.18,28.66,8.8,721.34,0,0
203.38,87.17,23.86,350.07,2,1
200.09,32.05,9.13,358.76,4,0
95.42,32.88,12.62,1808.22,6,0
103.86,87.58,6.07,1816.37,2,0
175.54,56.35,18.51,134.32,2,0
178.93,47.97,48.65,1781.81,7,1
94.41,61.52,22.05,437.46,2,0
99.1,93.6,15.84,1131.68,4,0
208.21,28.97,23.16,2969.05,2,0
194.22,76.77,18.56,1566.02,7,1
40.52,45.07,35.32,102.56,4,0
132.31,28.78,33.55,1042.97,0,0
267.81,51.65,6.23,2012.69,1,1
10.89,61.16,28.01,673.79,8,0
256.55,35.45,6.63,2893.35,8,0
48.95,50.4,35.48,1275.88,6,0
152.17,67.68,47.11,63.26,0,1
127.3,63.23,45.84,1621.7,6,1
3.04,74.24,14.26,2028.57,5,0
274.62,82.73,38.42,1367.97,8,1
136.48,50.69,40.69,2784.51,4,1
286.28,51.72,43.9,2705.8,4,1
86.02,57.25,16.68,416.88,5,0
259.88,62.48,25.29,239.84,1,1
276.72,28.12,14.97,936.93,6,1
167.05,43.45,6.09,1824.4,4,0
60.8,32.89,34.66,1804.79,1,0
205.57,48.94,24.42,814.93,7,0
164.69,93.0,16.17,2853.3,2,1
283.36,63.7,43.12,922.0,7,1
131.78,52.2,27.31,2412.6,2,0
80.55,62.45,49.76,2495.94,4,1
41.49,70.18,40.7,295.31,3,0
209.59,52.62,44.11,697.66,6,1
292.23,53.58,39.8,645.57,1,1
8.5,72.61,9.77,2758.95,2,0
222.13,24.56,7.93,1053.31,1,0
278.08,60.51,46.18,2509.41,2,1
22.43,61.05,11.22,1434.05,4,0
33.05,76.76,22.61,1371.66,5,0
207.59,93.7,32.45,2710.26,7,1
194.39,79.68,14.54,1322.7,3,1
20.65,57.78,15.14,2234.56,3,0
250.33,32.71,25.98,1273.13,1,1
157.03,64.12,21.24,305.61,0,0
272.16,82.57,35.45,159.28,6,1
263.4,89.93,8.38,624.72,5,1
243.75,81.9,26.99,2166.8,4,1
154.77,34.17,12.84,1120.95,3,0
75.51,73.44,32.3,1362.32,4,0
151.79,86.01,10.23,305.63,7,1
30.24,71.08,13.89,1869.11,1,0
197.65,71.43,41.18,2410.34,4,1
40.19,57.51,15.58,1874.05,2,0
153.35,67.77,38.17,2953.84,0,0
16.31,42.08,17.29,49.02,6,0
89.85,26.66,15.58,47.01,6,0
69.62,82.08,18.46,1500.02,7,0
186.01,90.74,44.64,799.22,0,1
236.04,84.26,22.87,2059.53,1,1
17.19,45.04,15.97,2379.63,5,0
255.09,27.01,29.15,307.31,7,1
258.23,41.01,22.35,2752.01,8,1
102.68,83.21,40.56,89.77,7,0
197.7,69.19,49.57,2065.21,8,1
120.78,92.5,28.7,1153.5,7,0
46.26,45.7,25.33,2002.32,2,0
158.6,61.36,20.44,292.91,5,0
25.91,79.25,48.8,2811.24,5,0
263.54,37.55,26.75,2812.23,3,1
277.29,92.31,13.01,1558.2,7,1
246.48,64.43,48.61,1528.75,6,1
168.76,20.59,48.24,1904.42,4,0
167.28,21.89,24.61,1740.21,4,0
295.38,86.17,20.67,1630.64,7,1
74.37,68.4,35.62,1767.57,1,0
22.78,77.23,42.3,2575.89,1,0
168.58,78.8,27.43,1833.2,3,0
98.64,51.53,19.89,587.5,1,0
96.7,79.9,18.56,2741.74,4,0
2.13,90.31,19.7,647.88,3,0
178.87,32.91,10.31,495.49,4,0
79.21,77.31,40.04,2991.17,4,0
56.36,43.08,9.72,640.25,8,0
12.13,44.11,22.92,300.28,2,0
109.31,50.96,42.57,1686.02,3,0
263.69,84.78,23.18,2481.58,6,1
101.0,21.65,18.26,182.25,2,0
203.72,52.54,47.67,1470.31,5,0
226.96,71.0,10.69,205.51,8,1
98.43,28.28,44.82,1286.07,3,0
246.49,79.42,7.79,1031.88,2,0
207.56,90.64,23.61,411.39,1,1
167.77,26.82,33.43,2793.06,0,0
0.3,31.47,21.65,1904.66,2,0
10.53,93.06,29.06,2529.17,7,0
297.26,34.84,14.18,2717.83,2,1
234.69,25.92,30.61,2790.56,8,0
281.27,91.41,11.06,2244.34,8,1
270.69,86.95,40.82,920.84,6,1
6.13,69.18,31.27,2486.8,8,0
237.55,61.36,26.69,1560.55,3,1
135.34,88.94,7.46,814.96,8,0
236.87,69.16,27.49,1157.32,4,1
2.01,69.38,30.36,903.67,0,0
86.46,83.28,16.96,1398.61,7,0
225.4,68.99,35.49,2344.01,8,1
237.91,57.78,8.45,1454.6,7,0
185.91,49.23,14.39,803.58,3,1
90.38,57.74,38.19,262.21,0,0
93.11,59.19,11.62,2567.27,5,0
290.03,47.06,16.05,1252.11,7,1
131.76,53.61,34.29,1325.77,7,0
134.14,80.14,37.8,2291.16,5,1
165.7,51.24,7.32,2549.18,7,0
122.85,21.92,10.7,1533.43,0,0
165.8,41.23,25.08,1897.1,5,0
129.7,37.38,31.68,717.47,0,0
248.01,79.52,25.42,2805.2,6,0
272.72,53.7,34.12,1703.76,0,1
279.63,41.02,39.02,2158.81,5,1
169.29,80.8,47.73,342.64,8,1
132.64,21.44,20.74,1910.76,1,0
211.57,33.07,12.34,1106.85,3,0
251.5,82.02,16.88,1350.19,0,1
168.89,61.3,11.67,2046.49,6,0
209.99,78.02,22.74,2388.98,8,1
224.92,82.86,44.27,1048.1,0,1
202.92,90.65,20.62,2619.71,4,1
223.84,24.76,11.7,656.97,7,0
62.59,79.94,28.52,1688.69,0,0
149.51,73.16,49.64,453.8,4,1
176.48,35.53,13.47,867.75,1,0
0.74,89.88,40.0,2686.23,8,0
256.79,50.32,42.05,34.67,4,1
183.01,86.57,23.06,2746.83,4,1
38.74,65.38,32.88,985.21,8,0
244.91,59.51,24.46,2087.39,7,1
215.12,31.96,16.8,275.15,2,0
227.49,88.57,24.18,1923.81,5,1
117.61,61.75,9.29,2728.38,2,0
256.26,20.46,36.81,1665.61,4,1
124.21,21.37,42.31,1086.36,7,0
171.15,78.32,18.83,2380.73,8,1
0.19,32.15,30.49,2138.18,8,0
193.46,64.91,15.45,353.08,4,0
215.45,71.08,10.74,1997.1,8,1
170.13,40.95,34.86,1993.97,8,1
148.97,62.7,11.03,2255.76,4,0
242.98,38.02,40.19,948.92,0,0
204.41,90.97,17.23,1203.83,1,0
83.42,84.51,41.83,2880.11,5,0
287.72,41.6,21.58,1720.37,7,1
212.18,59.66,21.6,1525.51,8,1
296.38,57.55,38.78,2960.55,2,1
291.38,92.0,27.96,688.67,8,1
275.67,49.55,14.04,1193.81,7,1
226.61,62.17,43.27,2279.65,4,1
182.83,89.65,20.31,2139.3,3,1
51.65,32.21,9.62,2900.1,4,0
163.01,61.29,23.72,1962.9,6,1
229.61,27.93,30.83,939.28,7,1
156.26,66.31,32.44,1192.96,1,0
260.47,47.43,42.6,269.14,3,1
32.9,92.57,29.36,2771.16,1,0
114.28,51.16,15.07,386.0,8,0
151.79,30.21,16.77,1637.11,3,0
129.7,82.55,9.54,1204.19,2,0
32.58,81.57,38.12,402.67,1,0
46.06,72.11,9.77,878.98,0,0
251.29,76.16,32.26,1900.71,4,1
145.32,39.85,31.86,93.75,6,0
14.62,68.15,40.35,2897.97,2,0
4.95,22.85,8.36,2727.29,3,0
142.04,34.77,14.13,253.8,5,0
49.31,89.92,45.93,2605.06,3,0
211.54,75.44,30.75,985.71,6,1
238.6,37.3,25.6,202.51,2,1
68.49,28.35,38.65,918.34,4,0
177.65,91.17,45.61,2426.66,8,1
46.33,28.41,16.84,1997.49,7,0
91.07,39.28,45.57,715.68,5,0
266.64,33.7,9.89,2157.53,3,0
163.23,20.56,49.0,2123.46,8,1
265.77,43.56,12.42,2228.58,4,1
67.57,93.06,16.98,1621.97,3,0
99.01,45.64,9.35,2456.84,5,0
141.29,57.82,41.17,1924.09,3,1
144.02,75.95,49.29,376.2,8,1
299.29,61.33,18.36,2430.77,1,1
34.33,75.77,19.65,971.3,0,0
255.59,69.62,17.55,2115.1,3,1
259.1,65.64,11.97,2025.4,8,1
165.96,68.72,40.43,1007.74,0,0
103.21,79.94,7.73,485.05,7,0
155.77,73.26,48.55,2084.87,0,1
87.74,79.38,46.73,2547.07,5,1
239.73,30.92,10.33,2514.69,4,1
149.48,70.83,28.83,1879.51,1,1
277.75,75.28,49.68,682.22,6,1
186.81,42.5,43.37,948.63,1,1
154.3,85.59,37.18,2263.88,3,1
213.32,42.85,6.01,1232.56,5,0
151.18,38.29,8.08,2197.49,4,0
271.35,85.03,40.73,928.35,0,1
55.33,38.53,21.94,18.95,4,0
292.0,51.16,35.08,1810.47,5,1
243.66,47.59,38.26,1802.75,4,1
258.22,87.35,24.0,1882.66,6,1
144.87,54.14,11.45,804.56,6,0
251.16,72.07,22.4,2433.21,1,1
92.03,79.55,44.2,1462.4,7,0
228.58,67.09,19.9,2287.16,8,1
42.14,90.78,7.82,1833.28,7,0
92.12,80.19,48.16,1248.21,7,0
133.72,50.02,35.63,2038.88,1,0
96.7,91.31,29.34,1724.93,5,0
116.11,59.34,42.31,1532.13,4,0
246.03,21.69,23.5,1945.68,8,0
77.0,39.5,49.33,257.82,7,0
223.58,66.63,43.59,2730.78,1,1
22.11,31.76,17.62,1005.25,8,0
229.72,63.81,21.7,674.08,6,1
237.61,47.12,17.41,2315.39,4,0
120.51,60.08,34.67,693.67,4,0
216.74,20.14,33.77,2987.31,4,1
274.54,83.63,28.51,1261.48,6,1
240.21,47.14,48.46,889.87,6,1
117.13,30.51,26.25,186.2,4,0
145.26,52.84,40.27,125.41,8,0
233.81,56.46,34.61,285.42,2,1
87.78,67.81,28.32,15.1,3,0
241.16,59.34,6.89,981.27,5,1
98.42,23.26,34.59,931.36,1,0
241.8,85.36,33.92,1290.28,4,1
26.04,54.24,10.62,698.77,7,0
13.32,25.77,40.82,188.22,6,0
299.3,77.96,26.01,213.49,6,1
260.84,69.51,19.59,546.44,1,1
264.85,68.71,42.08,949.77,1,1
285.38,52.02,20.45,443.98,3,1
131.49,50.79,32.98,1095.35,2,0
86.05,60.23,32.81,2766.66,0,0
39.01,23.79,7.38,784.81,4,0
150.36,42.42,24.03,505.2,6,0
66.01,94.09,15.03,1994.33,6,0
280.67,69.66,13.98,1472.64,0,1
1.2,51.42,34.47,141.76,7,0
42.96,36.68,5.51,2363.42,3,0
73.94,75.89,48.61,2146.03,1,0
59.69,39.52,22.79,2931.9,4,0
67.73,32.18,18.45,2814.92,1,0
196.81,31.59,46.4,1752.74,6,1
98.25,74.69,26.9,2058.06,6,0
184.51,68.21,32.64,1228.52,6,1
267.08,25.24,36.31,2665.4,1,1
180.77,28.63,44.21,1658.43,3,1
208.36,67.54,10.84,976.65,4,1
109.65,62.83,8.67,28.47,8,0
47.92,71.45,49.72,1759.35,4,0
96.18,33.35,5.4,1576.3,5,0
289.28,74.49,36.87,2435.63,3,1
186.54,90.21,32.5,561.01,2,1
83.25,65.08,29.86,2446.2,7,0
135.27,34.71,40.36,45.85,7,0
250.65,70.97,49.66,1761.94,0,1
200.53,45.73,7.11,1190.56,4,1
168.2,23.7,32.65,994.56,6,0
265.55,42.68,37.25,1299.89,1,1
201.73,87.92,18.77,670.77,5,1
192.82,50.84,45.18,550.28,4,1
56.93,84.85,25.56,2415.32,4,0
31.92,58.15,12.4,683.27,5,0
289.54,58.77,43.45,2210.92,7,1
179.66,20.39,47.43,2134.08,0,0
124.71,67.78,9.48,100.2,1,0
176.71,28.09,38.83,2643.22,3,0
18.54,55.91,14.68,2368.07,7,0
246.64,39.52,5.3,2388.2,5,1
64.99,49.43,16.73,2427.57,1,0
241.36,60.28,43.47,1747.66,0,1
160.31,21.08,11.35,2980.14,8,0
82.97,41.34,10.88,537.46,1,0
9.06,94.22,38.26,217.01,0,0
244.75,24.3,23.29,2112.5,3,0
52.94,43.95,11.68,881.81,4,0
15.54,44.11,15.35,1824.7,2,0
226.76,48.45,40.76,1175.1,1,1
105.01,71.36,33.05,1000.57,0,0
116.8,38.58,39.24,2679.75,3,0
74.12,54.52,9.4,426.13,8,0
257.75,68.36,25.61,566.96,1,1
89.2,44.17,40.87,2003.52,5,0
63.06,91.16,16.96,2347.8,1,0
92.77,93.48,12.61,2496.64,6,0
60.94,28.98,22.18,693.45,0,0
95.3,45.79,20.0,2646.34,1,0
24.88,35.6,13.35,1828.65,0,0
47.56,34.01,47.93,2469.66,5,0
125.12,56.82,26.74,205.57,6,0
263.84,62.29,32.36,1070.68,1,1
17.19,51.92,10.45,1574.59,4,0
63.8,40.44,32.45,1730.87,2,0
272.5,40.9,29.99,297.21,0,0
267.0,94.41,46.94,1615.97,0,1
203.84,89.28,23.55,1996.46,8,1
72.14,25.69,40.19,1084.79,5,0
125.94,69.24,18.69,1502.22,5,0
63.37,54.27,31.05,877.7,2,0
38.58,71.66,46.71,2611.5,2,0
114.0,64.77,33.13,1797.62,7,1
172.75,86.69,37.0,1653.82,3,1
107.98,25.02,44.42,2833.07,0,0
183.25,46.22,46.64,1994.79,4,1
88.88,93.91,14.37,839.47,4,0
103.76,33.67,13.81,1925.26,5,0
237.2,29.55,29.77,2884.87,4,1
263.49,74.67,49.8,70.67,7,1
96.61,78.31,27.06,1879.77,2,0
171.45,70.42,19.89,470.5,5,0
83.45,78.21,29.18,2449.38,7,0
16.0,72.03,7.9,1922.05,8,0
221.36,30.18,12.97,2810.97,8,0
51.3,65.62,11.7,2008.73,6,0
127.71,78.27,6.26,51.66,0,0
146.11,84.91,37.5,1531.06,8,1
55.34,38.47,19.65,2711.0,0,0
28.37,29.56,12.58,696.91,4,0
104.4,78.58,28.05,248.69,4,0
285.69,39.24,19.55,2159.66,6,1
184.54,22.39,22.69,1507.53,7,0
114.42,81.89,19.2,142.79,6,0
11.67,57.95,5.18,839.75,2,0
180.08,44.5,35.97,980.25,6,1
27.68,20.86,9.98,2003.58,6,0
162.76,22.65,14.86,1414.8,0,0
225.59,79.45,13.56,1461.57,5,1
127.08,56.73,19.91,2419.81,1,0
89.82,31.23,12.21,835.25,5,0
14.22,46.89,20.61,2017.72,2,0
7.43,32.4,15.95,1102.67,3,0
129.01,28.47,7.75,1255.11,2,0
265.0,40.72,44.18,1667.71,7,1
73.22,61.21,18.75,2086.94,8,0
172.22,35.75,9.29,2835.59,7,0
205.29,45.78,28.47,807.03,6,1
18.25,55.84,10.55,311.24,3,0
45.93,51.5,39.79,1286.38,1,0
99.38,29.65,7.77,1640.15,5,0
201.03,22.91,25.91,684.01,3,0
131.71,22.66,47.47,2671.49,2,0
220.26,46.26,12.15,2396.54,2,1
260.28,73.91,14.06,1480.99,1,1
227.51,29.84,32.02,1350.19,7,1
297.67,79.02,49.09,122.22,2,1
226.31,73.68,22.36,1610.67,8,1
255.65,20.3,34.19,1787.24,6,1
249.71,22.01,11.85,2674.9,1,0
219.08,34.63,33.86,1503.29,0,0
240.54,24.21,16.37,472.13,3,0
280.4,59.85,32.6,540.17,0,1
142.56,22.97,8.99,479.6,8,0
191.49,80.2,28.62,2815.6,8,1
154.48,56.97,15.68,2380.17,5,0
255.31,74.6,35.68,2474.3,2,1
129.41,76.3,38.65,2521.3,7,1
245.92,58.01,43.17,286.9,5,1
239.81,89.4,49.66,2106.53,3,1
288.57,94.27,25.67,2113.01,7,1
74.68,46.94,35.18,674.47,1,0
212.89,29.44,5.83,1472.0,5,0
227.08,47.24,45.73,1987.29,6,1
280.88,36.75,32.71,2692.01,8,1
272.07,59.83,23.96,331.28,1,1
172.06,48.38,24.54,2676.58,2,1
173.75,56.03,39.11,2767.24,7,1
50.19,77.24,42.51,2770.83,4,0
292.49,40.55,41.36,14.5,6,1
76.51,60.31,27.98,663.0,6,0
217.42,45.14,21.7,2073.74,2,1
238.74,78.87,47.55,965.22,2,1
132.36,67.97,33.54,183.25,4,0
63.36,20.64,29.46,2288.83,0,0
56.69,69.5,31.92,85.78,7,0
256.95,32.76,33.34,1338.06,1,1
153.23,74.34,37.09,2842.73,8,1
27.04,62.55,29.89,1320.7,7,0
215.11,50.11,44.39,2735.66,3,1
75.05,72.05,43.69,1227.01,0,0
262.92,84.24,24.9,1040.06,7,1
92.87,78.41,12.58,322.15,4,0
60.08,60.9,30.95,1074.27,1,0
25.46,74.2,32.93,1010.96,3,0
153.46,51.04,28.55,2539.65,8,1
135.22,79.18,45.08,2759.75,6,0
225.39,82.18,9.19,65.79,6,1
139.38,30.3,17.93,294.77,4,0
103.14,37.85,43.96,1929.69,1,0
78.5,40.25,47.27,1454.23,8,1
83.44,32.46,24.17,890.64,6,0
278.35,49.44,13.67,779.72,4,0
49.52,34.48,23.91,674.02,6,0
296.45,64.67,25.53,1576.35,3,1
98.08,27.62,28.38,52.44,6,0
26.52,40.24,17.35,2216.65,8,0
74.61,69.91,19.07,901.16,3,0
17.52,49.89,34.5,1280.49,0,0
237.01,51.61,32.98,1581.16,6,1
153.77,79.84,34.79,634.08,7,1
101.1,93.84,21.98,2651.11,7,0
198.61,62.38,20.14,2046.28,8,1
189.19,25.93,20.82,2610.89,3,0
281.96,27.72,47.8,1426.35,8,1
288.38,92.64,22.79,1297.38,1,1
204.21,70.94,32.28,711.43,5,0
245.34,76.44,28.53,1634.52,7,1
237.73,70.68,44.43,1779.49,8,1
147.39,33.47,21.61,1259.77,5,0
211.34,53.63,24.54,436.15,4,1
23.48,79.86,42.93,819.31,4,0
227.41,84.98,12.24,42.75,7,1
288.55,37.8,31.74,957.42,7,1
25.49,64.7,23.0,1742.28,2,0
250.83,31.78,49.36,2867.13,1,1
279.89,91.87,37.46,533.69,7,1
67.86,38.92,5.48,166.39,7,0
157.44,74.5,42.78,888.93,0,1
278.36,37.33,36.64,470.39,4,1
288.07,66.2,30.24,2086.56,4,1
38.36,69.44,15.63,17.25,0,0
104.7,44.63,11.72,2942.6,5,0
209.44,81.41,33.28,2567.0,8,1
66.47,86.4,24.8,1472.01,1,0
97.43,84.13,43.77,2762.83,7,1
6.99,44.81,16.81,1884.18,0,0
46.06,75.83,33.69,2981.29,1,0
168.7,61.96,16.2,834.92,5,0
195.93,64.45,33.63,2990.72,8,1
194.67,55.81,7.18,540.74,7,1
233.51,65.02,22.63,1060.26,8,1
124.58,30.17,12.77,2805.97,8,0
82.05,50.66,32.27,1111.63,7,0
4.67,33.33,19.25,629.51,3,0
61.99,41.01,39.72,178.46,1,0
93.72,29.59,10.16,446.87,7,0
53.46,35.94,30.03,1065.67,1,0
6.04,78.64,31.72,1263.7,4,0
47.23,61.24,5.99,1627.35,6,0
199.83,21.77,6.62,2440.76,0,0
188.88,79.14,18.87,40.24,8,0
280.71,88.21,32.41,2523.35,2,1
239.45,86.03,48.32,1731.75,1,1
170.33,81.73,9.09,2269.43,3,1
41.27,94.42,36.64,2270.94,4,0
169.22,63.98,36.17,2709.61,4,1
18.48,92.19,35.13,280.14,1,0
129.27,91.16,28.23,1714.55,1,0
117.08,43.49,48.51,2727.09,4,0
128.34,84.76,27.58,2157.62,2,0
83.95,79.44,42.72,289.75,5,0
205.75,78.18,16.81,1841.89,8,1
252.28,87.22,41.28,2399.64,0,1
230.56,48.81,49.84,824.59,0,1
188.33,50.0,45.95,1897.48,5,1
161.5,68.0,18.68,2521.24,0,1
9.33,75.34,43.08,1571.6,5,0
216.88,85.98,9.29,582.56,4,0
163.49,85.69,35.5,1649.05,4,0
81.22,74.1,20.4,1764.01,5,0
98.35,91.77,34.64,1208.56,8,1
280.68,33.4,23.55,2038.85,1,1
187.31,91.28,5.41,1300.0,1,0
142.77,24.81,15.41,2632.22,6,0
186.28,61.67,6.91,2374.88,0,0
124.12,26.76,24.23,2414.32,3,0
141.05,62.6,42.8,1578.23,4,1
87.09,49.26,38.21,589.04,3,0
131.96,26.12,40.5,2173.27,4,0
205.68,68.61,41.32,206.76,1,1
11.98,74.84,21.74,1552.72,2,0
238.51,33.06,27.77,158.94,0,1
84.89,72.08,27.88,1585.26,8,0
204.77,33.43,10.09,2057.77,7,0
192.82,30.3,31.92,1257.59,2,0
195.79,31.05,37.41,1250.71,0,0
182.44,64.93,32.49,368.38,2,1
287.73,78.41,38.57,905.55,8,1
152.5,64.77,10.35,1332.82,7,0
219.7,80.7,39.26,2590.69,5,1
211.63,64.36,14.37,2693.94,8,1
70.88,79.8,44.46,2860.74,1,0
84.99,93.24,16.02,300.79,4,0
127.21,49.32,27.14,888.63,7,0
83.31,31.25,26.93,1388.74,0,0
110.02,30.15,17.1,1925.23,3,0
117.29,64.81,21.28,2108.4,3,0
181.16,61.03,13.35,2358.05,1,0
65.97,33.82,30.65,1487.62,2,0
241.29,86.16,46.09,1669.75,8,1
131.26,91.76,19.25,2881.71,4,0
211.87,38.99,27.86,720.08,0,1
24.43,35.52,43.78,2411.28,6,0
140.99,36.04,25.36,2135.45,5,0
8.47,49.06,42.41,420.27,3,0
202.77,83.99,25.09,2779.48,3,1
103.11,64.7,24.81,2566.07,4,0
284.78,25.07,12.08,2338.51,8,0
97.24,55.47,10.62,380.32,6,0
169.14,26.77,32.52,419.01,3,0
77.22,50.47,42.23,2049.6,2,0
186.03,50.26,11.09,321.81,0,0
140.11,68.63,45.95,339.95,1,1
111.19,61.21,21.15,1200.84,1,0
61.11,85.61,24.14,16.13,7,0
33.46,21.22,45.25,2164.45,5,0
35.96,78.05,45.33,1620.62,0,0
299.71,21.7,28.62,234.52,8,1
123.69,42.82,17.45,1630.75,1,0
0.58,85.97,12.74,162.26,5,0
285.88,71.78,17.22,212.09,0,1
5.99,32.9,40.13,1456.4,5,0
125.58,56.81,19.61,1499.47,4,0
215.24,74.14,36.26,1016.98,8,1
274.38,90.3,13.78,1865.31,5,1
213.87,67.57,26.53,1162.08,4,1
139.09,21.85,20.84,1760.88,4,0
292.33,57.48,27.66,1049.35,5,1
11.8,31.47,30.65,2144.9,3,0
296.07,23.58,49.59,1737.86,6,1
254.82,64.89,45.5,480.13,4,1
278.68,78.27,36.31,2058.81,8,1
76.43,22.7,11.92,2351.81,1,0
42.74,78.77,46.36,197.62,6,0
198.99,72.98,45.17,1829.88,7,1
154.76,76.4,44.9,2371.29,6,0
156.95,38.35,26.56,343.96,8,0
277.39,49.52,12.68,2704.96,3,1
186.02,28.98,38.95,1244.4,4,0
93.32,37.92,22.48,2213.52,1,0
120.02,42.71,20.51,2697.15,3,0
40.05,43.96,22.59,2968.91,1,0
57.69,33.13,30.16,1751.78,7,0
43.01,34.15,20.01,2112.82,7,0
243.09,87.61,36.05,755.1,1,1
211.46,78.79,34.15,870.14,7,1
159.1,45.84,27.9,2552.31,2,0
112.31,91.07,7.43,1194.73,6,0
200.55,37.92,47.14,2467.3,8,1
243.87,50.51,23.53,151.79,7,1
264.37,81.01,25.23,654.76,1,1
164.1,53.22,25.52,510.28,1,1
245.97,37.6,21.43,1581.2,1,1
153.39,47.64,35.36,241.59,7,0
142.36,57.55,5.63,1031.61,4,0
259.63,66.55,44.31,2958.74,1,1
115.91,50.42,9.61,2382.65,5,0
118.77,52.35,49.99,2281.77,4,1
91.47,39.8,33.26,405.34,5,0
155.61,60.15,7.98,1093.68,5,0
163.46,36.46,30.31,2041.76,1,0
198.14,85.06,19.91,64.88,3,1
129.15,76.05,47.89,1301.93,6,1
65.35,50.77,39.0,2785.77,8,0
260.05,76.04,27.82,247.02,2,1
103.8,20.52,24.34,2718.78,5,0
276.88,45.84,49.81,583.56,8,1
62.21,53.02,35.03,567.32,5,0
168.02,55.23,28.13,586.31,2,0
160.98,76.15,22.91,2793.77,5,0
248.59,92.21,19.61,1811.23,0,1
41.66,48.5,36.74,2252.37,4,0
272.98,46.29,31.45,1099.22,5,1
159.43,65.79,43.17,2619.75,0,0
175.83,41.09,29.91,1745.81,1,0
153.05,30.6,31.2,1799.5,8,0
10.81,92.12,26.48,2256.96,5,0
149.13,80.71,39.32,2320.93,4,0
79.06,91.89,23.67,2045.59,2,0
102.81,36.34,43.34,356.73,1,0
194.73,21.34,19.72,2600.18,3,0
149.31,52.79,36.17,782.7,4,1
27.97,90.02,45.18,2988.58,1,0
21.91,30.37,39.61,1156.52,7,0
55.7,28.79,20.42,359.99,3,0
57.27,25.17,36.79,948.26,0,0
182.49,77.38,14.31,1720.6,1,1
53.34,78.94,7.62,1174.34,7,0
264.52,72.15,40.61,2486.05,3,1
62.93,24.0,41.36,2046.62,3,0
27.34,74.25,6.03,640.35,1,0
262.72,53.65,47.65,1616.56,7,1
88.6,31.84,25.07,2362.6,7,0
127.63,42.13,45.74,2673.7,2,0
287.71,57.59,40.47,1184.83,6,1
283.31,44.72,45.53,2773.39,4,1
214.48,92.73,42.5,107.91,1,1
20.68,55.61,48.83,2030.07,7,0
178.0,47.91,33.31,2345.95,0,0
296.72,70.49,15.23,1275.42,7,1
284.07,68.79,22.53,32.92,0,1
31.8,20.18,38.83,2061.11,2,0
118.79,66.39,12.06,1027.69,2,0
94.66,38.28,46.84,455.44,2,0
38.92,48.14,14.24,471.33,4,0
208.44,72.98,44.42,2307.49,6,1
82.15,61.8,26.77,562.17,3,0
103.46,47.65,42.83,1452.29,4,0
27.11,32.56,48.12,2911.17,8,0
149.39,57.91,24.0,2276.46,4,0
47.45,43.95,36.35,1641.58,7,0
129.63,88.47,15.2,1584.83,3,0
43.0,60.08,41.04,501.98,0,0
286.15,84.95,41.9,1339.27,2,1
43.49,49.26,18.29,434.7,1,0
156.57,82.06,6.09,250.75,8,0
59.09,24.24,24.4,327.41,0,0
22.91,42.36,12.65,1819.83,7,0
60.69,25.86,41.83,580.66,1,0
16.43,22.37,16.75,448.04,1,0
41.82,88.91,47.47,2601.39,4,0
148.05,73.77,48.73,366.04,0,0
195.54,66.88,45.9,2116.91,0,1
26.2,59.94,31.98,1251.0,6,0
132.31,62.72,17.03,1737.24,0,0
174.37,67.9,41.33,70.07,5,1
70.27,81.99,36.57,0.06,1,1
111.62,64.77,48.97,2451.75,0,0
21.55,76.14,21.98,1426.32,6,0
66.04,41.07,7.64,213.92,3,0
140.03,93.26,49.93,1030.37,0,1
297.13,22.39,42.72,1519.06,6,1
298.88,48.99,14.97,406.48,8,1
293.89,86.15,37.65,1639.01,5,1
126.93,33.54,5.03,1586.25,3,0
24.2,30.6,30.1,1808.51,7,0
97.07,47.41,21.33,2430.79,3,0
71.31,52.11,22.16,1238.34,5,0
4.24,90.0,16.0,2665.68,4,0
28.57,82.71,17.37,1424.02,6,0
135.96,54.81,25.46,1371.45,4,0
101.9,92.97,16.17,1967.06,4,0
54.11,68.17,25.99,1852.56,3,0
214.83,85.52,30.98,34.3,2,1
107.13,38.45,37.0,2947.29,4,0
255.56,56.67,35.47,2828.08,0,1
72.29,22.23,15.89,843.86,3,0
161.52,20.67,6.76,1675.75,0,0
55.24,72.91,42.47,2311.46,2,0
148.59,28.87,44.25,2761.4,3,1
45.74,61.09,49.05,1757.72,0,0
48.47,72.2,48.19,56.82,2,0
183.67,22.42,33.52,2042.03,6,1
79.14,53.66,45.24,279.23,8,0
51.71,71.31,25.16,2013.53,5,0
278.93,86.73,40.43,1762.28,6,1
12.9,42.44,47.99,1922.01,6,0
169.54,93.07,40.83,567.77,8,1
164.48,83.34,23.71,1480.83,8,1
75.18,68.8,22.0,1853.87,1,0
135.83,49.39,18.12,900.88,4,0
26.32,73.33,21.52,544.87,8,0
216.38,81.21,41.93,668.04,7,1
66.51,42.75,36.57,2574.05,4,0
58.02,94.46,16.24,1393.63,3,0
94.46,88.15,37.02,1983.22,0,0
270.71,56.41,22.07,1544.67,4,1
238.94,74.21,30.1,2502.38,4,1
284.07,59.3,21.67,1525.48,5,1
195.59,77.07,28.47,279.98,4,1
198.88,82.02,37.84,593.95,1,1
144.01,21.74,37.9,39.8,8,0
271.56,25.93,38.89,2494.57,1,1
153.26,45.24,22.6,1989.82,3,0
106.52,88.82,36.07,2277.61,4,0
192.11,49.87,15.74,2145.06,2,0
163.84,86.56,26.48,2473.44,0,0
37.21,54.68,31.24,2960.91,5,0
117.82,41.66,35.89,1960.41,2,0
94.0,87.55,46.04,756.8,7,0
254.05,62.05,18.71,304.17,7,1
113.65,47.04,43.04,1769.24,3,0
246.47,23.33,19.0,2312.27,4,1
132.72,28.32,29.84,1684.72,8,0
226.05,30.45,42.26,910.66,0,1
40.58,47.36,37.54,2159.2,3,0
277.4,65.55,43.83,1343.92,0,1
144.17,43.07,41.67,859.77,1,0
77.94,24.91,17.44,2523.25,8,0
72.45,39.86,49.68,1729.56,0,0
79.52,50.65,47.16,850.34,8,0
110.02,94.42,24.36,985.81,7,0
215.26,49.47,7.12,1715.0,5,1
284.88,26.69,18.66,1268.77,6,0
200.71,63.58,42.63,481.56,1,1
164.15,88.97,47.79,1831.41,1,1
134.58,79.0,42.43,2067.33,3,0
248.46,82.72,22.85,0.33,6,1
254.9,89.62,7.54,1610.61,2,1
87.91,67.74,28.29,1731.48,1,0
286.03,94.62,21.94,996.19,7,1
118.53,22.5,10.53,1016.19,5,0
240.02,82.61,9.76,952.98,4,1
290.05,84.28,11.89,1335.98,3,1
211.1,88.75,14.26,2435.82,7,0
48.47,55.86,38.92,1407.08,6,0
175.84,79.08,22.18,2980.95,3,1
35.63,34.63,24.66,1128.48,1,0
236.74,65.23,31.93,2097.79,7,1
84.39,46.9,48.21,1646.9,1,0
208.56,64.71,39.04,2286.87,3,1
273.03,70.67,34.06,2665.09,8,1
54.3,46.03,38.47,1535.05,3,0
117.86,36.22,37.37,1483.44,7,0
194.14,44.13,36.06,2828.16,4,0
125.9,69.8,27.34,2800.98,6,0
52.45,70.77,30.51,2990.99,5,0
8.72,75.6,25.77,469.43,2,0
121.98,29.49,22.77,10.71,8,0
194.76,81.39,17.18,1311.93,4,0
172.2,71.61,20.98,2200.02,4,0
46.87,22.29,24.28,218.57,5,0
135.21,45.17,31.07,1120.8,8,1
110.84,55.0,27.49,1744.38,7,0
82.26,47.05,9.86,637.64,3,0
218.78,28.81,20.3,2193.43,2,0
92.9,35.55,21.93,688.61,2,0
162.04,21.84,36.81,2522.02,2,0
276.97,26.98,19.98,1044.82,2,1
161.78,39.97,5.36,1795.95,3,0
185.11,81.5,8.8,1632.46,0,0
21.97,59.5,27.36,889.34,4,0
53.44,51.84,13.48,1317.21,7,0
30.29,69.66,27.26,2537.92,3,0
229.44,60.61,30.84,1645.03,0,1
250.78,29.86,47.0,166.76,3,1
55.94,36.7,34.5,2139.1,3,0
65.78,36.69,6.4,547.36,5,0
96.96,65.0,22.13,1458.19,2,0
177.32,54.62,40.71,1405.62,2,1
186.54,49.07,16.73,1459.46,6,1
206.03,61.75,46.62,93.04,1,1
271.56,92.76,28.81,817.17,8,1
88.51,43.56,9.16,152.21,2,0
197.63,59.01,15.88,1244.87,7,0
167.92,56.03,45.78,1864.01,0,1
91.75,73.75,49.62,1962.22,2,0
272.22,74.77,43.84,193.64,3,1
28.65,74.68,19.43,356.67,4,0
213.6,35.11,39.6,1984.52,0,0
218.36,53.68,15.0,1593.56,2,0
274.6,80.84,22.3,2500.24,7,1
155.57,48.61,36.37,615.43,8,1
96.49,93.82,48.6,361.03,3,0
248.32,47.36,24.76,1086.07,1,1
231.24,57.33,27.31,1911.2,2,1
150.09,55.59,14.91,1457.9,8,0
230.36,52.52,23.15,295.78,8,1
80.36,83.42,7.84,213.88,7,0
176.85,31.65,43.64,2033.08,7,1
259.56,62.57,6.05,890.9,6,1
95.4,66.4,35.76,2008.45,5,0
145.06,83.84,17.29,884.74,6,0
285.31,65.69,26.42,944.38,5,1
239.46,92.0,17.67,629.44,3,1
266.11,85.41,23.0,2951.15,5,1
115.57,46.16,29.61,48.21,2,0
298.95,84.49,33.84,381.76,5,1
45.77,91.89,47.31,2508.87,3,0
155.63,39.29,19.95,414.49,4,0
143.78,65.77,31.32,842.09,1,0
239.53,41.14,45.58,788.35,8,1
272.59,68.72,18.06,2090.96,6,1
219.34,27.02,43.93,1233.6,0,1
188.04,75.06,48.09,2521.76,4,1
128.23,51.49,43.14,2242.28,4,0
153.1,64.05,30.64,1593.3,7,0
152.79,21.94,37.5,747.19,6,1
6.11,72.16,26.65,2377.26,7,0
150.91,57.2,31.88,2597.97,4,0
256.79,66.89,48.85,2508.85,1,1
212.78,43.68,16.3,155.14,6,0
238.71,30.94,40.66,2093.88,1,1
117.15,52.66,27.78,2111.82,5,0
158.69,90.8,12.96,2829.23,3,0
10.05,37.08,33.96,790.44,3,0
114.9,70.69,40.66,2359.04,1,1
142.32,23.74,30.59,2067.29,7,0
76.56,73.86,42.68,2636.18,6,1
9.37,37.88,21.46,2079.92,3,0
207.12,53.86,46.12,2557.36,6,1
130.53,47.58,34.17,1078.73,8,1
124.7,28.46,41.14,472.87,6,0
75.0,45.92,17.28,1090.06,8,0
161.35,46.26,25.08,2445.16,4,1
131.41,59.16,45.93,394.95,3,0
142.2,92.93,7.29,1913.84,7,1
174.26,55.25,23.18,2962.67,5,0
1.9,88.58,40.11,2685.04,5,0
272.31,54.62,38.47,2013.55,5,1
21.33,28.07,43.32,2377.89,8,0
135.28,37.26,38.27,349.43,6,0
62.21,50.56,47.62,1496.5,7,0
157.13,44.4,27.42,1595.74,0,0
84.07,84.94,33.09,2348.09,6,0
258.0,70.9,43.15,847.78,2,1
118.91,63.37,36.58,319.46,1,0
191.63,56.84,9.59,2094.34,2,0
74.66,49.8,21.51,1477.78,7,0
5.82,65.91,29.87,2526.88,7,0
121.25,29.35,38.96,1444.47,2,0
160.95,32.19,29.46,2538.81,1,0
137.86,42.73,39.99,1523.51,3,0
288.6,32.84,42.69,2348.1,2,1
212.05,70.78,16.93,2162.24,4,1
298.7,21.86,32.72,798.25,7,0
88.52,32.01,30.07,928.19,2,0
236.72,87.7,15.23,2697.59,1,1
166.67,94.82,27.04,693.02,0,0
183.53,56.57,29.69,2092.5,6,0
295.76,57.15,41.78,435.36,1,1
196.2,78.0,25.74,2265.48,1,1
269.65,22.71,8.64,669.87,7,0
217.73,52.03,26.93,1782.2,0,0
38.22,27.49,42.71,1692.73,5,0
209.83,50.07,30.71,610.54,0,1
145.29,93.79,19.35,1474.21,8,1
275.64,76.52,46.44,2637.74,6,1
242.05,93.88,12.0,2041.59,7,1
31.24,75.95,19.71,2977.96,5,0
40.17,65.61,24.67,2353.66,3,0
20.88,76.57,38.21,1930.37,8,0
147.97,69.43,42.61,1689.61,7,0
24.23,54.8,7.64,2812.29,0,0
217.1,41.94,40.64,1581.04,5,1
165.71,59.01,37.42,1208.02,4,0
250.77,39.39,45.26,2503.48,2,1
83.94,56.5,45.52,2820.73,4,0
155.74,30.96,39.99,1436.75,8,1
35.24,62.4,13.56,411.72,0,0
265.38,38.4,19.12,1825.12,8,1
52.5,42.02,47.13,2222.65,6,0
30.71,57.43,31.92,1120.91,1,0
61.52,32.19,29.24,2243.64,2,0
241.87,92.18,46.21,1593.15,7,1
31.74,53.52,44.34,904.07,6,0
184.33,46.42,37.74,1888.56,0,1
223.85,22.19,44.7,1166.84,1,0
225.32,83.24,10.12,2360.48,8,1
57.02,66.94,39.09,9.24,1,0
18.49,51.23,48.45,2454.53,5,0
134.64,38.41,7.2,919.73,8,0
60.75,75.89,15.04,2878.88,1,0
209.78,90.91,40.73,2277.49,0,1
107.01,48.56,28.4,723.12,7,0
134.81,30.12,8.9,2936.4,8,0
34.05,28.19,17.06,1498.74,4,0
170.27,20.48,19.58,1568.77,2,0
55.66,75.8,19.45,2728.55,0,0
203.7,93.6,44.5,2755.21,8,1
21.35,94.46,34.79,2090.65,7,0
292.77,78.81,38.07,2935.35,8,1
205.36,32.16,5.61,986.61,7,0
54.52,93.33,24.24,697.01,3,0
4.23,44.59,19.3,87.77,4,0
100.34,45.02,43.34,1039.03,3,0
45.84,71.55,47.92,1807.9,6,1
65.52,23.68,24.05,916.14,0,0
261.83,81.93,48.79,1738.86,0,1
180.96,94.8,5.65,145.16,8,0
52.94,78.13,19.66,1062.27,2,0
167.0,78.63,39.87,2244.01,0,0
76.73,49.27,21.2,312.98,6,0
292.86,24.94,46.44,2144.51,3,1
9.83,79.45,14.83,2289.93,2,0
219.7,64.79,40.81,1706.28,3,1
231.9,88.2,14.08,2658.26,4,1
20.15,28.7,13.87,2863.69,5,0
51.56,42.88,25.06,104.03,8,0
115.29,47.05,47.52,2037.25,7,1
260.45,71.25,31.35,711.52,7,1
161.1,79.08,33.58,1224.55,4,0
196.59,92.08,5.44,1869.46,5,0
234.9,42.16,7.55,2136.82,1,0
248.44,57.02,8.01,2520.57,5,1
142.89,22.17,41.88,2116.16,6,0
152.64,38.97,15.66,2332.2,7,0
215.4,48.05,19.8,1797.21,0,0
79.0,64.54,32.45,351.18,7,0
256.35,55.31,31.28,64.29,4,1
6.24,47.34,23.47,1589.35,0,0
58.73,66.81,5.19,2146.62,8,0
240.06,82.15,25.23,326.6,4,1
102.08,38.13,38.25,1287.89,3,0
44.95,45.72,15.59,768.53,1,0
56.03,72.87,36.88,1701.28,0,0
159.23,78.35,5.68,1171.51,0,0
253.85,81.9,45.86,604.4,2,1
21.2,35.7,47.75,13.18,2,0
9.14,60.45,5.11,964.58,4,0
139.55,87.5,25.6,1548.49,5,0
286.86,49.4,23.62,2787.63,8,1
83.7,52.24,42.88,682.43,7,0
287.75,93.86,29.33,1536.77,4,1
266.3,28.48,32.51,1699.49,8,1
84.94,72.92,14.11,1947.68,5,0
245.08,83.76,8.47,985.7,3,1
205.76,31.31,36.15,298.45,1,0
153.55,73.58,32.93,2764.07,3,1
126.87,55.23,42.45,2858.27,0,0
244.65,83.97,43.01,1314.69,1,1
237.92,88.06,33.4,1741.72,8,1
227.08,85.44,29.23,87.08,1,1
299.48,24.83,46.13,141.65,5,1
143.55,76.76,41.06,230.0,0,0
242.08,89.11,44.71,2216.24,5,1
258.74,66.6,49.81,681.7,8,1
63.48,65.07,23.16,553.34,4,0
12.62,23.38,37.26,25.01,1,0
121.42,84.2,35.96,68.69,0,1
257.02,23.48,12.84,1216.15,6,1
86.73,43.51,33.64,1625.03,0,0
210.0,89.44,24.26,1737.18,2,1
2.2,91.23,25.28,1373.73,7,0
106.61,94.39,13.11,1378.68,4,0
184.66,55.73,38.51,2259.43,7,1
38.93,33.31,36.41,868.71,7,0
268.98,56.6,28.95,713.15,5,1
46.88,27.67,12.05,2562.97,8,0
272.94,85.44,30.06,2067.79,0,1
64.92,62.04,9.51,1430.6,2,0
298.28,50.34,20.27,826.21,2,1
181.42,25.96,21.76,409.75,8,0
25.3,50.39,44.75,112.26,5,0
19.58,84.96,23.7,2557.1,2,0
22.48,72.76,31.93,1780.16,1,0
176.97,26.18,44.37,137.49,7,0
242.87,31.99,24.16,475.76,7,0
120.89,49.42,44.77,838.69,0,0
133.45,27.6,11.14,789.21,3,0
176.79,90.05,21.42,1645.17,4,0
159.91,68.92,9.26,1198.33,2,0
206.42,27.11,30.24,2646.65,6,1
141.54,79.1,48.08,2158.23,6,1
214.16,47.63,34.56,2732.2,7,1
299.19,38.37,33.17,2588.46,7,1
105.09,62.75,17.52,2764.11,7,0
3.66,21.0,46.9,2940.03,3,0
37.69,54.9,26.22,935.09,2,0
166.05,83.29,17.02,629.04,2,0
103.28,89.6,49.45,495.46,7,1
281.99,45.69,24.04,1884.27,5,1
188.23,68.18,21.72,2042.9,2,0
156.11,37.01,6.57,263.51,6,0
239.41,62.02,13.02,2463.21,2,1
77.58,39.05,41.41,2349.2,2,0
245.92,62.85,26.72,1885.42,0,1
0.92,32.88,47.97,1306.84,8,0
185.9,90.59,8.77,460.97,2,0
280.43,86.52,32.72,1516.78,6,1
236.36,45.27,37.4,477.51,1,0
256.09,78.25,32.95,1814.94,0,1
119.09,27.16,28.84,929.89,6,0
247.27,75.53,31.02,741.92,0,1
165.25,41.18,36.03,1323.15,1,0
185.56,30.17,43.85,1742.14,2,0
17.67,70.86,20.14,1102.39,5,0
60.47,55.24,25.68,2890.81,0,0
165.29,59.76,33.62,17.69,1,0
17.64,59.04,19.14,2738.58,3,0
222.43,24.46,13.05,2.05,6,0
252.02,23.85,48.48,650.14,0,1
276.11,65.09,13.76,2989.05,2,1
30.53,66.79,15.47,2184.29,1,0
281.92,23.54,32.84,1933.5,2,1
20.29,48.38,8.48,2178.28,2,0
142.22,65.96,6.53,1224.89,5,0
252.08,69.25,7.88,2352.63,0,0
21.09,82.12,10.55,464.6,8,0
5.47,51.55,24.31,2381.68,2,0
7.48,61.12,42.32,2818.58,8,0
153.38,63.39,20.39,2573.06,6,0
243.48,43.4,24.24,2218.98,3,1
38.23,24.04,32.01,1954.13,2,0
37.38,20.32,18.6,1563.28,8,0
170.56,82.71,24.46,1185.67,8,0
70.29,35.02,22.38,2596.96,5,0
219.06,67.27,20.38,1942.38,0,1
284.89,63.28,22.48,1304.7,8,1
229.81,49.97,5.5,2354.38,4,0
263.15,82.51,44.88,162.31,0,1
155.88,72.38,48.98,2439.36,7,1
249.7,21.71,43.81,2432.11,0,1
54.87,78.25,5.26,685.59,3,0
20.5,58.02,38.79,113.01,0,0
196.79,46.03,30.79,2141.12,3,1
15.59,74.52,9.24,599.61,7,0
267.74,71.45,46.98,2988.07,1,1
207.47,43.29,39.93,27.55,1,1
285.66,93.73,11.54,689.38,8,1
94.17,68.65,48.38,126.19,1,0
145.85,65.43,10.68,2347.97,1,0
222.51,25.24,25.46,1736.09,5,1
72.83,40.95,12.15,2545.3,2,0
162.55,53.52,11.76,2887.84,8,1
197.84,67.3,48.55,1830.34,1,1
293.64,58.46,30.75,695.26,5,1
223.41,77.23,16.66,277.95,8,0
35.44,39.69,39.94,2598.78,6,0
142.6,72.66,44.39,735.34,0,1
176.63,81.24,46.29,2680.55,1,1
43.99,77.38,46.98,2634.86,1,0
129.59,77.81,45.75,1883.43,8,1
85.2,86.64,33.75,1811.99,1,0
35.65,26.31,20.41,2852.48,0,0
153.61,72.29,46.65,2268.05,3,1
49.69,92.65,10.51,2049.85,2,0
177.16,63.02,12.6,1307.22,1,0
50.91,36.3,24.52,1452.0,4,0
217.08,94.91,17.76,1166.76,8,1
58.57,33.1,32.71,2838.96,2,0
268.89,45.17,45.74,1914.36,8,1
7.86,32.9,27.1,2341.09,5,0
156.6,54.84,29.92,111.6,3,1
96.03,51.42,24.04,2557.28,6,0
67.52,56.84,36.84,1252.91,3,0
141.48,89.6,9.53,2211.48,1,0
252.61,55.87,7.19,120.08,2,1
274.58,58.6,33.86,2681.62,0,1
90.97,86.5,29.07,1979.54,5,0
46.27,81.33,23.33,1372.5,0,0
216.04,37.98,20.03,910.67,1,0
174.6,20.97,7.33,933.07,0,0
60.3,67.21,35.63,910.19,0,0
228.09,83.36,23.97,393.08,8,1
155.68,61.46,25.04,1391.43,0,1
196.02,35.84,45.21,1360.46,5,0
107.8,75.6,38.19,1235.81,2,0
131.73,70.22,14.87,2109.28,1,0
54.1,62.38,34.57,1259.44,2,0
226.95,84.75,10.95,267.01,0,1
47.1,78.82,13.73,2556.18,2,0
233.49,70.1,37.14,1275.3,7,1
239.4,69.86,10.67,1965.86,5,1
223.98,69.67,17.61,2789.69,7,1
5.83,59.39,45.41,2302.25,6,0
81.94,54.79,38.22,1616.4,8,0
140.5,73.22,46.83,1635.07,0,0
178.66,65.79,44.68,2548.59,1,0
275.77,56.75,19.07,2470.9,3,1
112.68,29.5,33.46,535.96,4,0
262.51,72.64,22.04,1879.5,7,1
49.03,68.45,36.37,2597.15,1,0
111.38,45.67,20.68,2409.92,0,0
15.68,46.72,5.06,374.15,7,0
222.75,38.5,9.23,1307.08,4,0
45.2,92.14,39.7,1554.7,3,1
77.11,84.52,8.78,773.43,1,0
232.57,62.08,31.97,2038.5,6,1
160.42,50.12,43.6,1428.68,7,1
4.19,75.26,38.35,892.53,0,0
0.67,59.58,23.6,1010.59,0,0
153.2,93.19,14.39,2570.01,7,1
91.49,24.13,46.51,2598.6,7,0
54.09,22.57,30.49,2437.13,2,0
184.08,62.65,23.24,2741.61,6,1
68.53,35.25,47.39,2856.92,7,0
177.66,65.32,14.68,1475.48,1,0
113.78,78.61,24.9,290.11,1,0
56.02,30.36,9.89,2400.21,1,0
41.43,53.05,10.62,1900.3,7,0
71.06,71.65,22.94,1141.55,6,0
8.95,82.54,36.48,2926.6,1,0
92.44,57.23,20.25,1016.06,1,0
270.59,35.46,36.03,2722.9,5,1
249.41,63.93,41.23,1777.75,8,1
111.6,54.09,44.49,109.93,7,0
172.75,77.89,7.01,2581.01,1,0
170.21,61.67,39.82,2286.64,3,1
248.62,40.96,11.62,1927.46,0,1
70.89,76.58,36.42,1843.76,2,0
88.92,58.83,21.72,656.51,5,0
90.54,33.32,36.85,643.46,3,0
12.26,62.23,14.62,87.52,5,0
94.41,91.12,34.02,462.41,2,0
263.37,72.91,10.65,1009.44,5,0
273.6,42.41,12.64,1622.17,5,1
32.89,73.32,32.65,392.43,1,0
137.42,41.2,20.15,1672.72,0,0
114.4,60.7,36.67,789.96,3,1
146.81,59.49,35.83,761.88,0,0
166.42,38.55,32.97,2843.83,1,0
6.08,46.09,37.87,2977.03,2,0
252.67,90.66,40.73,2434.32,3,1
292.1,38.79,46.01,163.18,2,1
196.02,80.08,8.62,2185.9,0,0
198.14,70.05,30.72,535.28,1,1
158.39,59.95,38.69,1707.66,7,0
100.28,30.31,14.76,2681.14,6,0
44.69,35.34,16.86,1140.59,3,0
175.22,33.42,17.01,2786.53,0,0
13.48,64.01,30.75,2125.12,3,0
247.35,93.0,21.48,903.04,8,1
126.27,85.79,34.97,284.75,7,0
124.43,21.89,32.46,2446.05,6,0
98.15,40.53,34.57,1374.18,2,0
290.81,31.79,16.35,218.08,3,0
52.48,93.18,39.53,309.37,0,0
45.39,37.67,34.88,2900.88,7,0
49.66,35.1,10.88,729.01,1,0
197.56,66.57,14.01,2899.77,5,1
297.57,61.71,18.54,2043.48,2,1
70.64,36.94,47.12,901.47,5,0
271.69,70.28,19.69,1151.18,7,1
83.58,27.28,5.89,2331.12,2,0
194.37,21.45,11.37,1306.24,0,0
12.15,26.18,6.45,224.25,5,0
148.7,47.37,23.13,689.44,4,0
196.37,93.13,40.87,2581.03,1,1
160.9,61.04,25.27,2088.52,0,1
71.35,76.6,42.75,1503.05,4,0
248.55,44.11,7.14,736.49,5,1
291.04,73.95,26.14,1423.77,1,1
137.76,92.46,40.42,2366.55,5,0
190.78,46.83,35.36,244.63,4,0
237.12,94.93,43.38,2984.3,1,1
72.45,67.88,17.32,2579.29,5,0
259.34,76.14,27.54,953.9,5,1
84.06,38.91,35.46,2611.73,1,0
232.75,68.23,12.58,2045.14,6,0
33.63,58.33,41.71,1999.06,1,0
86.52,91.73,19.02,419.13,5,0
160.09,87.85,9.2,2717.68,7,0
157.48,49.75,39.46,1351.03,8,0
255.13,91.02,36.73,2409.68,2,1
298.84,86.36,44.77,898.57,3,1
32.16,64.28,45.14,924.01,0,0
81.42,26.16,17.53,2894.07,8,0
107.28,32.06,33.86,1489.98,2,0
143.68,25.77,49.96,179.67,7,1
148.17,28.1,15.97,2507.12,8,0
256.86,93.27,26.28,681.69,4,1
231.17,35.91,45.96,2636.26,6,1
5.66,71.81,9.64,2749.32,4,0
136.51,67.74,46.77,218.3,5,1
185.42,67.34,26.97,1747.29,2,1
138.12,35.5,45.19,2944.57,7,0
39.19,63.45,32.96,2792.76,1,0
119.24,66.92,35.21,1575.73,5,1
123.5,62.78,39.78,2041.48,8,0
56.31,33.96,8.02,1812.79,7,0
226.89,74.23,33.25,609.76,6,1
96.42,25.49,46.58,1958.99,5,0
176.7,64.34,48.03,999.42,8,1
154.72,52.72,48.57,1013.92,7,1
263.23,38.77,34.06,1259.96,2,0
36.6,80.55,33.5,2556.53,5,0
34.28,33.19,29.86,715.04,3,0
90.1,89.97,32.34,752.38,2,0
129.36,86.34,32.55,22.02,7,0
89.56,47.04,6.91,465.02,0,0
228.96,42.89,9.0,2936.04,1,0
73.58,30.31,32.87,1301.61,0,0
25.43,88.72,19.14,585.49,1,0
124.14,67.06,18.56,2897.05,4,0
232.01,22.38,13.7,81.35,8,0
255.17,58.32,41.05,1452.5,8,1
220.0,26.43,48.39,2413.81,8,1
167.37,63.03,33.25,2318.48,6,1
217.26,58.17,47.54,567.65,4,1
204.42,26.21,44.77,2123.37,6,0
70.31,81.19,14.81,1866.87,2,0
165.23,39.67,11.91,2025.83,5,0
231.18,60.61,14.52,798.31,0,0
95.14,67.93,9.33,2432.2,8,0
196.19,92.17,31.23,1677.71,8,1
144.44,57.04,17.72,2175.23,6,0
150.95,88.8,46.08,2818.72,1,1
27.02,46.61,32.6,2566.49,2,0
199.87,84.31,21.18,2347.01,6,1
259.71,37.69,49.31,868.95,4,1
42.43,73.06,47.89,162.25,4,0
109.83,26.65,40.04,1723.93,3,0
14.6,93.95,40.63,103.54,7,0
8.89,91.55,48.98,2142.57,1,0
296.9,53.17,32.02,2210.47,3,1
148.04,59.3,44.6,1688.73,2,1
106.66,64.83,7.92,504.46,6,0
82.46,40.63,29.93,2627.16,2,0
294.0,70.59,27.61,1787.76,2,1
75.68,72.39,6.7,1544.68,1,0
217.71,59.38,8.91,1702.78,7,0
85.13,31.08,5.98,248.66,1,0
21.15,88.94,18.23,2221.31,7,0
204.98,28.63,7.41,182.33,8,0
0.49,67.19,24.04,1735.16,8,0
202.72,27.73,41.57,507.77,3,0
75.11,30.96,32.62,623.11,5,0
223.83,21.54,35.32,699.76,7,0
230.93,47.25,6.42,42.92,0,1
217.23,67.97,42.78,2675.52,0,1
7.35,59.12,11.58,2412.71,1,0
211.12,70.59,18.62,93.86,8,1
297.04,70.63,28.26,170.96,0,1
72.79,30.51,46.85,2348.63,6,0
82.27,24.3,49.92,20.41,7,0
244.06,66.9,40.22,1407.0,8,1
48.12,68.99,37.82,321.89,4,0
198.18,61.75,28.75,1774.9,4,1
226.51,38.43,34.95,2995.02,6,1
11.15,80.81,11.5,516.06,5,0
166.13,25.68,17.11,2870.05,7,0
172.76,67.42,49.31,2596.44,3,1
91.03,29.03,49.08,2957.56,8,0
262.9,69.08,19.53,2298.57,3,1
48.82,51.33,15.85,2570.98,2,0
109.26,73.86,15.33,1783.79,6,0
254.6,23.91,26.82,2601.85,5,1
57.19,61.63,15.07,334.54,0,0
246.41,30.87,34.18,2224.96,1,1
23.72,71.18,8.37,1886.17,0,0
146.77,29.0,9.67,179.54,5,0
22.6,25.52,17.46,874.77,7,0
203.37,73.48,39.98,648.32,2,1
237.18,24.76,19.55,1215.53,0,0
254.96,36.84,26.19,595.06,7,1
294.38,81.86,34.55,824.49,6,1
201.6,80.73,40.48,888.09,4,1
230.72,84.06,18.82,1799.43,1,0
151.73,44.46,37.89,404.62,6,1
273.82,59.6,17.87,723.3,3,1
193.13,78.0,34.0,951.44,2,1
265.07,30.27,25.29,1347.2,2,1
70.64,74.33,46.7,114.27,0,0
149.02,27.31,49.19,2997.63,4,1
218.95,88.49,39.84,901.18,6,1
60.82,67.8,46.2,862.03,7,0
63.4,57.0,11.14,1664.61,6,0
293.41,56.35,34.45,2562.1,7,1
130.38,33.6,13.93,1370.43,8,0
54.54,45.94,17.46,746.52,1,0
99.44,74.53,28.53,1697.63,3,0
119.21,60.57,38.39,1448.83,3,0
186.93,59.7,37.47,1269.22,6,1
276.9,34.64,44.13,2951.65,7,1
295.98,71.78,30.17,2987.85,8,1
195.51,49.4,46.69,1685.83,0,1
209.98,33.71,44.95,204.01,4,1
96.55,90.78,43.21,1700.75,1,1
257.15,58.01,15.33,2857.42,2,1
65.34,59.6,28.92,2777.08,4,0
31.91,93.6,38.13,646.5,5,0
291.98,47.48,48.92,570.36,7,1
259.24,90.73,5.52,456.77,8,1
91.09,72.12,19.72,2459.35,3,0
202.55,67.48,20.41,1470.17,5,0
140.11,37.58,17.98,1014.14,0,0
96.94,23.88,41.78,974.42,1,0
86.03,52.83,7.03,826.24,8,0
40.81,20.76,21.17,2647.86,8,0
164.8,25.33,37.03,1229.04,8,0
133.98,64.65,23.3,732.05,2,0
153.66,74.34,11.48,2131.21,5,1
64.61,32.6,32.49,1906.36,2,0
281.58,74.94,28.52,2146.1,6,1
191.58,91.23,49.18,2465.87,4,1
269.88,75.74,38.68,303.7,8,1
32.78,78.85,49.38,5.97,3,0
186.86,72.55,13.39,151.7,5,0
254.84,36.86,39.27,2120.38,5,1
99.28,47.07,29.82,2803.49,7,0
58.54,91.2,37.06,993.32,0,0
79.51,69.59,26.04,2343.58,4,0
81.88,79.18,14.56,2187.55,4,0
134.16,92.65,7.06,2934.18,2,0
97.79,37.36,42.72,1412.38,7,0
81.38,44.13,41.67,498.22,7,0
194.55,68.36,12.31,2295.69,0,0
15.91,21.83,34.03,2456.46,6,0
102.11,62.84,38.2,2121.9,7,0
206.93,80.65,30.09,2589.55,2,1
52.75,65.78,19.28,1113.55,5,0
66.28,42.15,44.64,2070.95,5,0
60.2,74.31,33.91,791.55,0,0
0.28,30.95,37.41,1339.32,7,0
142.13,87.11,34.35,727.48,6,0
11.69,27.57,37.46,463.6,2,0
81.88,84.76,11.53,107.86,2,0
298.44,57.34,46.52,2014.27,6,1
275.52,52.15,17.86,2625.82,7,1
64.52,57.55,42.64,943.26,0,0
93.0,35.02,45.2,1287.71,3,0
139.11,54.33,34.31,10.64,5,0
253.32,83.73,31.92,1238.56,1,1
240.79,80.07,9.91,843.97,8,1
37.87,32.23,24.63,1722.6,1,0
37.33,70.51,32.52,2725.55,7,0
125.02,84.26,8.68,1518.46,0,0
261.03,81.48,10.02,2026.6,7,1
264.63,51.92,49.71,2116.45,0,1
32.21,23.61,19.95,457.3,6,0
172.29,89.84,20.74,1039.71,3,1
46.7,49.69,16.32,339.44,4,0
205.84,47.07,34.07,1322.24,0,0
274.93,76.96,26.29,2661.86,6,1
136.43,39.8,40.57,1442.8,5,1
24.92,82.61,28.06,1368.46,2,0
173.78,25.7,5.69,627.97,4,0
122.56,75.55,26.72,930.65,4,0
243.27,92.43,7.48,2809.8,6,1
102.1,94.68,42.21,908.99,4,1
262.47,89.29,10.11,2194.16,0,0
82.11,85.31,14.76,126.42,4,0
47.26,40.92,25.7,384.94,3,0
91.94,92.5,13.78,934.43,3,0
10.47,89.59,29.26,2704.26,3,0
84.37,60.08,25.73,657.87,3,0
198.04,50.16,47.86,2180.23,2,1
42.68,28.2,8.98,502.57,2,0
33.41,64.3,30.95,1838.53,6,0
39.72,72.54,37.42,1760.48,2,0
23.27,50.3,10.74,1865.84,6,0
262.39,50.45,33.64,858.83,3,1
283.23,63.0,43.89,486.31,5,1
13.97,22.08,40.44,2659.46,1,0
228.02,91.84,47.08,1708.33,1,1
221.15,41.74,37.43,636.13,8,1
299.07,30.57,22.73,1239.99,7,1
104.36,20.41,46.42,201.27,0,0
85.65,84.27,15.14,1426.13,8,0
135.92,84.74,31.27,1271.67,7,1
256.97,27.15,39.45,398.18,1,1
218.58,31.42,44.25,1333.12,2,0
141.49,53.59,46.24,1918.6,1,1
73.37,33.93,8.82,2785.47,7,0
218.1,75.19,37.67,2109.56,7,1
256.36,24.35,14.18,1507.31,6,1
119.99,61.23,40.06,2310.15,2,0
200.58,48.71,36.53,839.81,8,1
120.06,54.87,13.16,2006.34,7,0
143.55,51.86,42.48,15.19,7,0
157.47,31.49,25.78,217.65,3,0
232.72,36.52,29.47,1872.8,6,1
293.25,24.86,48.71,577.65,6,1
133.31,28.65,34.55,2066.19,1,0
102.69,93.34,31.49,1910.26,5,0
112.08,40.98,5.75,191.0,4,0
40.17,43.03,13.96,1177.49,5,0
89.08,29.53,6.2,1839.01,3,0
25.93,76.64,20.0,2140.44,6,0
128.37,89.31,20.5,2448.25,7,1
50.21,79.23,28.86,991.33,5,0
103.92,65.95,36.04,2510.15,7,1
238.07,80.99,13.07,1062.76,6,1
73.78,50.32,32.07,20.96,2,0
183.57,84.46,46.26,1830.02,6,1
270.35,79.89,13.33,725.01,6,1
170.08,20.13,34.66,373.14,8,0
58.14,56.58,7.05,775.07,3,0
103.43,39.85,28.9,2483.74,1,0
177.11,26.47,38.37,2742.0,6,1
151.98,83.46,6.53,2885.09,5,0
44.59,20.6,20.01,908.49,5,0
134.04,74.76,44.51,1367.79,6,1
162.92,94.11,15.15,2407.58,4,0
80.2,56.15,37.53,953.71,0,0
183.73,47.84,32.55,1155.43,7,0
21.05,65.44,12.37,711.82,2,0
100.98,80.35,38.38,1717.1,2,0
241.28,38.02,28.94,1977.8,7,0
77.79,38.8,10.04,955.32,7,0
181.55,65.54,47.72,72.69,4,1
123.01,90.49,27.14,2207.72,6,1
94.94,42.38,38.53,1849.79,0,0
274.84,48.26,14.8,657.0,2,1
102.98,94.5,11.17,943.94,2,0
71.0,33.22,38.36,2871.34,3,0
272.79,25.77,35.32,1890.61,3,1
223.78,64.23,17.33,1786.43,0,1
204.54,21.82,38.58,1919.07,6,1
14.86,33.53,27.72,2863.33,5,0
39.36,66.67,20.69,1019.58,3,0
191.5,69.46,40.41,842.75,7,1
62.83,58.28,32.76,1130.23,3,0
67.69,48.78,27.83,2402.85,1,0
233.74,63.21,39.79,362.88,7,1
85.78,68.25,29.52,620.47,1,0
21.48,80.26,47.23,684.74,0,0
10.93,79.46,41.81,1909.13,4,0
132.95,69.86,21.12,1924.75,5,1
185.14,87.07,25.92,1115.66,2,0
260.67,82.85,48.08,828.58,7,1
33.24,29.99,45.28,2263.96,2,0
59.0,91.75,13.6,95.18,8,0
158.94,86.88,17.34,2216.21,5,0
109.23,44.07,21.4,630.82,1,0
144.76,21.51,44.59,2708.33,3,1
277.24,65.3,46.73,1241.08,0,1
163.47,52.88,41.11,1926.89,7,1
124.54,76.22,17.41,362.91,5,0
296.83,59.34,44.92,761.65,3,1
19.56,25.74,6.48,2101.83,6,0
279.63,38.35,24.03,1651.07,5,1
150.5,86.19,21.99,2311.43,5,0
151.13,22.83,29.09,1690.21,3,0
276.59,75.25,30.23,1707.99,3,1
152.2,41.9,15.14,2574.78,2,0
131.52,53.95,14.21,1274.07,7,0
81.75,59.83,41.16,2685.13,4,0
197.65,38.76,8.43,1116.65,4,0
170.89,68.9,27.2,985.78,6,1
64.3,72.01,13.62,2338.26,4,0
212.82,26.38,19.38,34.64,8,0
193.23,48.04,17.48,516.58,2,1
119.2,75.83,36.88,215.3,0,1
1.32,74.12,25.52,1536.32,3,0
133.97,60.85,18.47,1884.21,4,0
1.82,78.33,42.41,31.13,7,0
22.5,28.07,8.86,484.39,5,0
129.18,28.87,39.49,907.62,8,1
24.58,69.31,16.17,882.68,0,0
82.7,72.0,46.31,291.4,4,0
196.65,81.09,5.25,518.54,7,0
92.58,33.58,30.05,2541.16,4,0
299.29,58.76,33.0,2101.74,2,1
274.89,69.56,30.98,888.28,6,1
175.59,36.78,41.68,790.22,7,0
290.08,58.77,10.05,240.6,2,0
260.41,67.88,23.7,1046.72,4,1
95.67,36.08,43.87,1194.21,7,0
224.88,48.17,44.99,2712.54,1,1
41.05,36.23,27.43,2229.35,0,0
205.37,87.72,30.11,1437.46,6,0
147.32,37.76,39.38,404.57,6,0
5.05,29.06,40.08,1968.48,1,0
82.27,22.64,44.96,2808.04,5,0
286.61,23.37,42.97,234.13,6,1
94.75,34.37,23.65,2545.82,8,0
54.44,65.62,34.24,540.34,7,0
56.26,21.32,26.75,2103.84,1,0
143.76,41.51,10.31,551.57,5,0
252.79,24.36,41.98,1800.04,6,1
227.4,50.27,32.08,712.87,2,0
131.06,23.64,7.61,1625.09,1,0
62.62,65.57,35.46,1800.47,3,0
13.82,71.63,17.74,1855.56,6,0
138.79,74.85,8.12,2048.4,4,0
244.43,36.83,32.3,207.09,5,1
218.9,85.14,37.95,2110.16,5,1
122.58,71.77,28.28,463.79,8,0
178.41,24.25,5.25,2031.1,5,0
130.87,53.06,30.96,372.11,1,0
173.7,77.58,5.3,1438.24,3,1
155.25,43.32,46.69,1160.31,1,0
204.29,48.62,17.03,2902.04,6,1
152.31,67.22,44.2,1892.43,8,0
282.18,24.16,5.54,264.62,6,0
128.41,92.52,9.37,2102.66,2,0
4.77,33.09,25.31,582.42,6,0
70.91,22.0,39.14,858.45,0,0
150.18,20.4,47.42,1135.33,2,0
162.17,49.97,28.45,2328.68,2,1
165.72,86.32,21.0,2832.24,4,0
214.37,81.48,7.0,2773.01,2,0
82.39,88.4,31.27,512.05,3,0
199.47,60.03,22.1,181.24,0,1
211.21,53.66,45.91,2485.6,7,1
123.38,48.94,26.6,864.65,3,0
120.65,23.48,39.45,1748.48,7,1
53.68,88.21,43.17,2935.88,0,0
124.2,57.21,9.42,559.27,7,0
236.04,54.13,24.84,1124.57,5,1
272.69,58.64,45.22,2602.8,2,1
178.08,79.56,24.1,1949.94,6,1
89.81,36.84,30.43,2812.66,6,0
204.69,73.24,44.29,1895.16,6,1
222.04,73.31,15.47,910.71,7,1
99.66,83.72,45.26,2415.33,8,1
247.96,20.65,22.87,2277.79,1,1
22.11,32.78,31.69,2800.86,2,0
3.23,55.33,19.76,1428.5,0,0
36.89,83.79,28.72,1508.52,0,0
46.8,92.38,7.22,971.47,0,0
263.68,64.62,7.94,806.28,6,1
127.49,35.91,23.66,2989.58,5,0
82.48,33.84,20.07,2931.77,0,0
128.72,67.96,32.71,1588.94,3,0
118.45,35.76,6.71,2865.26,0,0
90.44,61.48,12.55,1068.47,1,0
41.37,82.61,14.43,2549.98,0,0
196.77,49.24,24.82,1904.6,4,0
40.98,48.39,16.11,2151.2,0,0
232.63,22.71,11.19,2154.61,7,0
60.51,39.06,31.89,1907.49,8,0
219.41,72.36,38.47,2556.98,7,1
241.68,47.03,35.84,1176.04,7,1
37.6,31.87,17.43,2547.57,6,0
26.02,27.93,43.45,550.25,8,0
284.87,27.13,32.53,599.88,7,1
138.91,69.44,32.66,2152.03,1,0
189.07,65.95,14.58,2250.39,5,0
6.98,58.89,15.9,2706.9,2,0
83.61,57.52,26.36,824.05,7,0
151.62,31.49,15.7,168.21,0,0
265.87,57.55,35.96,1522.42,3,1
81.43,24.5,18.88,2626.02,3,0
232.56,89.44,11.84,2914.4,7,1
198.66,24.35,11.82,2573.48,2,0
34.58,51.76,10.73,1469.87,8,0
88.01,20.04,24.79,2590.15,4,0
71.36,78.96,5.14,641.91,6,0
132.76,32.46,29.41,2763.51,4,0
190.6,89.37,18.42,1700.54,3,1
130.03,23.3,29.86,1168.09,2,0
73.36,81.56,47.09,1744.92,2,0
208.76,69.25,44.11,2352.02,5,1
175.34,38.73,30.94,720.36,2,0
155.79,35.18,23.81,305.64,7,0
166.33,46.83,36.43,2199.36,1,0
66.57,82.13,46.54,2857.41,1,0
204.13,84.65,27.03,1910.93,0,1
116.25,33.15,9.47,427.75,7,0
109.04,46.51,39.47,1930.16,3,0
44.92,37.81,5.47,349.9,0,0
179.05,29.2,39.41,910.57,0,1
180.8,68.48,8.82,94.79,8,0
102.09,45.94,9.8,1462.5,7,0
257.96,36.9,40.18,964.06,2,0
253.64,84.95,36.03,292.57,5,1
32.72,76.12,30.29,927.08,2,0
208.51,78.03,41.93,1942.71,7,1
118.15,22.94,43.31,867.24,6,0
299.91,88.63,25.59,429.22,3,1
67.51,63.11,49.83,1634.39,8,0
84.16,57.79,21.09,2259.68,2,0
132.63,20.79,12.72,2490.42,8,0
80.61,87.32,43.07,1416.29,2,0
207.6,60.79,23.7,2133.22,7,1
144.27,81.89,44.35,2499.98,7,1
66.26,69.16,7.75,2018.67,5,0
151.91,79.75,10.0,1581.81,1,0
266.64,71.97,6.81,179.82,6,1
237.72,89.07,32.09,870.1,6,1
149.65,36.91,42.43,959.45,7,0
86.55,35.16,23.12,1185.03,2,0
53.97,73.44,9.08,2852.68,2,0
263.51,57.6,21.81,626.63,3,1
213.05,64.94,20.66,1624.66,3,0
171.65,73.14,33.96,2973.65,0,1
263.83,61.06,34.35,1856.38,1,1
36.51,79.08,9.64,626.73,4,0
204.75,43.92,23.91,2880.57,8,1
65.01,84.42,33.91,1008.88,1,0
36.17,28.08,16.65,143.61,2,0
139.68,67.55,23.32,1294.09,7,1
116.22,86.76,32.62,721.97,0,0
282.35,38.95,23.13,2456.59,0,0
97.19,44.51,6.39,659.87,8,0
244.47,42.91,15.02,2459.56,2,1
224.65,62.32,39.92,108.51,2,1
200.38,50.97,16.18,2787.47,0,1
276.12,28.1,41.8,126.58,3,1
122.38,86.85,26.01,2815.62,8,1
116.9,35.35,26.28,221.07,8,0
48.28,60.06,39.67,2617.75,5,0
82.73,64.61,22.25,2494.0,6,0
263.93,23.06,15.73,1783.27,5,1
142.31,27.18,9.73,107.96,6,0
102.41,92.88,35.24,1863.43,4,1
64.83,69.84,26.15,1853.54,1,0
145.49,22.52,41.42,1671.59,7,1
215.0,79.56,25.6,1894.58,7,1
86.01,58.14,23.67,2904.32,1,0
227.31,25.64,18.45,2986.52,0,0
188.94,71.06,13.97,1561.49,7,0
236.27,57.45,42.37,275.4,0,1
75.27,35.37,9.28,401.91,7,0
189.31,85.83,45.6,2161.05,8,1
46.12,41.85,6.21,2945.89,0,0
109.14,41.34,28.5,1308.17,7,0
217.31,40.46,7.62,294.12,1,0
189.5,77.56,40.08,1059.13,2,1
56.36,72.96,14.52,1155.03,4,0
257.5,87.74,30.47,2989.79,6,1
16.01,37.2,46.24,2059.75,0,0
178.56,78.98,34.22,353.6,0,0
295.15,62.98,13.02,1011.23,2,1
159.45,43.15,40.85,145.68,6,0
240.2,22.66,24.87,1959.18,3,1
178.55,81.42,5.59,2018.22,2,0
234.93,38.08,26.9,172.49,1,0
196.68,67.38,41.56,1006.56,8,1
207.34,61.17,24.35,2708.52,6,1
68.34,20.33,39.13,2480.45,8,0
222.55,94.58,36.75,1722.64,4,1
71.37,81.07,25.56,1453.87,7,0
294.19,56.49,19.55,2978.56,5,1
68.34,71.03,37.69,2166.59,4,0
71.01,55.74,21.6,2857.91,4,0
257.6,75.84,12.65,214.76,4,1
72.9,30.07,19.44,636.45,3,0
108.27,53.48,44.46,93.33,5,0
214.39,45.17,17.75,2603.75,4,1
47.62,54.47,15.57,2082.69,8,0
47.72,53.79,11.0,532.95,8,0
145.91,30.73,7.48,2922.57,4,0
73.11,93.24,48.95,2867.39,3,1
70.7,21.16,29.15,673.79,6,0
2.77,20.76,37.83,1941.03,5,0
111.13,48.01,39.78,2004.31,2,1
95.48,66.53,20.85,12.05,7,0
9.35,33.47,40.95,2066.34,6,0
186.37,59.99,48.27,664.02,5,1
188.0,74.21,38.38,2703.96,7,1
21.24,27.05,37.03,2515.52,2,0
95.11,93.83,24.45,2715.88,7,0
261.84,45.25,42.86,2272.66,1,1
174.65,68.18,9.0,494.72,7,0
123.59,28.3,38.74,1081.66,5,0
139.53,73.21,21.29,2126.79,5,0
62.48,83.03,30.47,969.98,6,0
243.56,27.9,45.18,2130.1,2,1
274.2,29.44,32.23,1008.48,6,1
273.2,41.08,6.15,533.19,0,1
67.18,20.9,37.52,1554.49,6,0
93.22,93.95,46.81,2058.68,7,1
48.19,64.88,33.89,1551.59,0,0
92.16,65.57,43.76,1925.6,6,0
99.84,91.92,42.14,1314.15,6,1
189.93,82.4,43.76,2334.99,4,1
56.89,81.07,20.48,1949.9,5,0
275.82,45.46,26.34,1723.82,0,1
30.93,45.11,43.16,1306.12,8,0
2.06,41.88,45.97,1607.18,8,0
256.48,46.0,11.61,153.03,6,0
211.13,47.71,13.17,2000.16,0,0
106.61,30.5,20.61,613.24,3,0
178.65,46.7,39.66,2580.45,7,1
67.06,53.51,44.37,2437.03,6,0
50.52,43.2,31.11,1583.86,8,0
141.34,32.4,10.1,2541.39,5,0
105.96,48.01,18.67,2012.41,6,0
184.57,56.07,43.57,423.78,3,0
